inst_code,participant_type,age,age_group,edu_years,Edu_cat,heard_blood_donation,org_encouraged,other_req_to_donate,Req_new,donated_blood,why_notdonateblood_1,why_notdonateblood_2,why_notdonateblood_3,why_notdonateblood_4,why_notdonateblood_5,why_notdonateblood_6,why_notdonateblood_7,why_notdonateblood_8,blood_group_known,relative_received_blood,smoker,basic_complete,k1_donation_interval,K1,k2_age,K2,k3_weight,k3,k4_amountblood,k4,k5_bloodgroup,k5,k6_infection,k6,knowledge_complete,p1_save_life,P1,p2_moral_respon,P2,p3_percep_islamic,P3,p4_charity,P4,p5_health_harm,P5,practice_complete,a1_rel_friends,A1,a2_ukn_person,A2,a3_reg_donate,A3,attitude_complete,k_Count,K_binary,P_Count,P_binary,A_Count,A_binary
11,1,18,1,3,1,1,1,1,1,2,1,2,2,1,2,1,2,2,2,1,2,2,3,1,3,1,3,1,3,0,1,1,1,1,2,1,1,1,1,1,1,2,1,4,0,2,2,1,4,0,4,0,2,5,1,4,1,1,0
11,1,18,1,7,1,2,1,1,1,2,1,1,2,2,1,2,2,2,1,1,2,2,4,0,3,1,3,1,3,0,1,1,1,1,2,2,1,4,0,1,1,4,0,5,0,2,5,0,2,1,4,0,2,4,1,2,0,1,0
16,1,18,1,8,1,2,1,1,1,1,2,1,2,2,2,2,2,2,1,1,2,2,4,0,3,1,9,0,2,1,1,1,1,1,2,1,1,3,0,1,1,1,1,5,0,2,5,0,1,1,4,0,2,4,1,3,0,1,0
11,1,18,1,8,1,2,1,1,1,2,2,2,2,2,1,2,2,2,2,1,2,2,4,0,3,1,2,0,1,0,2,0,1,1,2,1,1,1,1,1,1,1,1,4,0,2,5,0,1,1,1,1,2,2,1,4,1,2,1
10,1,18,1,10,1,1,1,1,1,1,2,2,2,2,2,2,2,2,1,1,2,2,3,1,9,0,9,0,9,0,2,0,1,1,2,1,1,1,1,1,1,1,1,5,0,2,4,0,1,1,1,1,2,2,1,4,1,2,1
8,1,18,1,10,1,1,1,1,1,2,2,2,2,2,1,2,2,2,1,1,2,2,3,1,9,0,9,0,9,0,1,1,1,1,2,2,1,1,1,1,1,1,1,5,0,2,5,0,1,1,1,1,2,3,1,4,1,2,1
11,1,18,1,10,1,1,1,1,1,1,2,2,2,2,2,2,2,2,1,1,1,2,3,1,1,0,3,1,2,1,1,1,1,1,2,1,1,4,0,2,1,2,1,4,0,2,4,0,2,1,2,1,2,5,1,3,0,2,1
11,1,19,1,12,2,1,1,1,1,2,2,2,2,1,1,1,1,2,1,1,2,2,4,0,3,1,3,1,1,0,1,1,1,1,2,1,1,2,1,3,0,3,0,5,0,2,5,0,1,1,2,1,2,4,1,2,0,2,1
16,1,20,1,8,1,1,1,1,1,1,2,2,2,2,2,2,2,2,1,1,2,2,3,1,3,1,3,1,1,0,1,1,1,1,2,1,1,1,1,1,1,3,0,5,0,2,5,0,1,1,1,1,2,5,1,3,0,2,1
8,1,20,1,9,1,2,1,1,1,1,2,2,2,2,2,2,2,2,1,1,2,2,4,0,9,0,2,0,2,1,1,1,1,1,2,2,1,2,1,2,1,4,0,3,0,2,3,0,3,0,3,0,2,3,1,3,0,0,0
15,1,21,1,15,3,1,1,1,1,1,2,2,2,2,2,2,2,2,1,1,2,2,3,1,3,1,4,0,2,1,1,1,1,1,2,1,1,1,1,1,1,1,1,4,0,2,1,1,1,1,1,1,2,5,1,4,1,3,1
2,1,23,1,17,3,1,1,1,1,1,2,2,2,2,2,2,2,2,1,1,2,2,3,1,3,1,9,0,2,1,1,1,1,1,2,1,1,1,1,1,1,1,1,4,0,2,2,1,1,1,2,1,2,5,1,4,1,3,1
11,1,24,1,18,3,1,1,1,1,2,1,2,2,2,2,2,2,2,1,1,2,2,3,1,3,1,3,1,1,0,2,0,1,1,2,2,1,1,1,3,0,1,1,1,1,2,1,1,5,0,3,0,2,4,1,4,1,1,0
2,1,25,2,16,3,1,1,1,1,2,2,2,2,2,2,2,2,1,1,1,2,2,3,1,3,1,3,1,1,0,1,1,1,1,2,1,1,1,1,1,1,3,0,4,0,2,1,1,1,1,1,1,2,5,1,3,0,3,1
4,2,25,2,18,3,1,1,1,1,1,2,2,2,2,2,2,2,2,1,1,2,2,3,1,3,1,3,1,9,0,1,1,1,1,2,1,1,2,1,1,1,1,1,4,0,2,5,0,1,1,1,1,2,5,1,4,1,2,1
2,2,28,2,13,3,2,1,1,1,2,2,2,2,1,2,2,2,2,2,1,2,2,9,0,9,0,9,0,9,0,2,0,1,1,2,2,1,2,1,1,1,2,1,2,1,2,1,1,2,1,3,0,2,1,0,5,1,2,1
2,2,30,2,16,3,1,1,1,1,1,2,1,2,2,2,2,2,2,1,1,2,2,9,0,9,0,9,0,9,0,2,0,1,1,2,1,1,1,1,1,1,3,0,5,0,2,4,0,1,1,2,1,2,1,0,3,0,2,1
3,2,30,2,20,3,1,1,1,1,2,2,2,2,2,1,2,2,2,1,1,2,2,9,0,1,0,3,1,9,0,1,1,1,1,2,1,1,1,1,1,1,1,1,5,0,2,5,0,1,1,1,1,2,3,1,4,1,2,1
15,2,35,2,17,3,1,1,1,1,2,1,1,2,2,2,2,2,2,2,1,2,2,9,0,9,0,9,0,9,0,2,0,1,1,2,1,1,1,1,1,1,1,1,4,0,2,4,0,2,1,4,0,2,1,0,4,1,1,0
4,2,45,2,19,3,1,1,1,1,1,2,2,2,2,2,2,2,2,1,1,2,2,4,0,3,1,3,1,2,1,1,1,1,1,2,1,1,1,1,1,1,1,1,4,0,2,4,0,2,1,2,1,2,5,1,4,1,2,1
11,1,16,1,8,1,1,1,2,1,2,2,2,2,2,2,1,2,2,1,1,2,2,9,0,3,1,3,1,9,0,1,1,1,1,2,1,1,1,1,1,1,3,0,4,0,2,4,0,1,1,4,0,2,4,1,3,0,1,0
11,1,17,1,13,3,1,1,2,1,2,2,2,2,2,1,2,2,2,1,1,2,2,3,1,3,1,9,0,9,0,2,0,1,1,2,1,1,3,0,3,0,5,0,5,0,2,5,0,1,1,1,1,2,3,1,1,0,2,1
16,1,18,1,9,1,1,1,2,1,2,2,2,2,1,2,2,2,2,2,1,2,2,3,1,2,0,2,0,9,0,1,1,1,1,2,5,2,1,1,3,0,1,1,1,1,2,1,1,5,0,5,0,2,3,1,5,1,1,0
11,1,19,1,12,2,1,1,2,1,1,2,2,2,2,1,2,2,2,1,1,1,2,5,0,4,0,4,0,1,0,1,1,1,1,2,2,1,1,1,2,1,5,0,4,0,2,2,1,2,1,5,0,2,2,1,3,0,2,1
11,1,19,1,14,3,1,1,2,1,2,2,2,2,2,2,2,2,1,2,1,2,2,2,0,3,1,3,1,2,1,1,1,1,1,2,1,1,3,0,3,0,3,0,3,0,2,3,0,3,0,3,0,2,5,1,1,0,0,0
3,1,20,1,10,1,1,1,2,1,1,2,2,2,2,2,2,2,2,1,1,2,2,6,0,3,1,1,0,1,0,1,1,1,1,2,1,1,1,1,1,1,1,1,4,0,2,1,1,1,1,1,1,2,3,1,4,1,3,1
8,1,21,1,13,3,1,1,2,1,2,1,1,2,2,1,2,2,2,2,1,2,2,4,0,3,1,2,0,9,0,2,0,1,1,2,1,1,1,1,1,1,1,1,3,0,2,4,0,1,1,1,1,2,2,1,4,1,2,1
2,2,23,1,12,2,2,1,2,1,2,2,2,2,2,2,1,2,2,2,1,2,2,2,0,9,0,9,0,9,0,1,1,1,1,2,2,1,2,1,2,1,2,1,2,1,2,1,1,1,1,3,0,2,2,1,5,1,2,1
2,1,25,2,15,3,1,1,2,1,2,2,2,2,2,1,2,2,2,1,1,2,2,4,0,3,1,9,0,9,0,2,0,1,1,2,2,1,1,1,1,1,1,1,4,0,2,2,1,4,0,4,0,2,2,1,4,1,1,0
15,1,25,2,17,3,1,1,2,1,2,2,1,2,2,2,2,2,2,1,1,2,2,4,0,9,0,9,0,9,0,1,1,1,1,2,1,1,1,1,1,1,1,1,5,0,2,5,0,4,0,5,0,2,2,1,4,1,0,0
10,2,40,2,20,3,1,1,2,1,1,2,2,2,2,2,2,2,2,1,1,1,2,2,0,1,0,1,0,3,0,1,1,1,1,2,4,2,1,1,1,1,1,1,5,0,2,5,0,1,1,1,1,2,2,1,5,1,2,1
11,1,16,1,8,1,1,1,2,1,2,2,1,2,2,2,2,2,2,1,1,2,2,6,0,3,1,3,1,9,0,1,1,1,1,2,1,1,1,1,1,1,3,0,4,0,2,4,0,1,1,4,0,2,4,1,3,0,1,0
11,1,20,1,8,1,1,1,2,1,2,1,2,2,2,2,2,2,2,1,1,2,2,9,0,9,0,9,0,9,0,2,0,1,1,2,2,1,3,0,3,0,3,0,3,0,2,3,0,3,0,5,0,2,1,0,1,0,0,0
11,1,20,1,13,3,2,1,2,1,2,1,2,2,2,2,2,2,2,1,1,2,2,3,1,9,0,9,0,2,1,1,1,1,1,2,1,1,5,0,4,0,2,1,4,0,2,2,1,2,1,4,0,2,4,1,2,0,2,1
11,1,24,1,8,1,2,1,2,1,2,2,1,2,2,2,2,2,2,2,1,2,2,3,1,3,1,9,0,9,0,2,0,1,1,2,1,1,1,1,1,1,3,0,4,0,2,4,0,1,1,4,0,2,3,1,3,0,1,0
10,1,18,1,10,1,2,2,1,2,2,1,1,2,2,1,2,2,2,2,1,2,2,2,0,3,1,3,1,2,1,1,1,1,1,2,1,1,1,1,1,1,1,1,5,0,2,5,0,1,1,1,1,2,5,1,4,1,2,1
10,1,18,1,10,1,2,2,1,2,1,2,2,2,2,2,2,2,2,1,1,2,2,3,1,9,0,9,0,9,0,1,1,1,1,2,1,1,2,1,1,1,2,1,5,0,2,5,0,1,1,2,1,2,3,1,4,1,2,1
3,1,19,1,12,2,1,2,1,2,2,2,2,1,1,2,2,2,2,1,1,2,2,3,1,3,1,3,1,9,0,1,1,1,1,2,1,1,1,1,1,1,1,1,5,0,2,2,1,1,1,1,1,2,5,1,4,1,3,1
9,1,19,1,13,3,1,2,1,2,1,2,2,2,2,2,2,2,2,1,1,2,2,3,1,3,1,3,1,9,0,2,0,1,1,2,1,1,2,1,1,1,1,1,4,0,2,4,0,2,1,3,0,2,4,1,4,1,1,0
11,1,19,1,15,3,1,2,1,2,2,1,1,2,2,1,1,2,2,2,1,2,2,5,0,3,1,3,1,9,0,2,0,1,1,2,1,1,1,1,4,0,3,0,4,0,2,5,0,1,1,2,1,2,3,1,2,0,2,1
9,1,19,1,16,3,1,2,1,2,2,2,2,2,1,2,2,2,2,2,1,2,2,3,1,3,1,9,0,9,0,1,1,1,1,2,1,1,1,1,1,1,3,0,4,0,2,5,0,5,0,5,0,2,4,1,3,0,0,0
11,1,20,1,8,1,1,2,1,2,2,2,2,2,1,2,2,2,2,1,1,2,2,3,1,3,1,9,0,9,0,2,0,1,1,2,1,1,1,1,1,1,4,0,4,0,2,1,1,1,1,5,0,2,3,1,3,0,2,1
16,1,20,1,10,1,1,2,1,2,2,1,1,1,1,2,2,2,2,2,1,2,2,9,0,9,0,9,0,9,0,1,1,2,0,2,1,1,1,1,1,1,3,0,3,0,2,1,1,2,1,2,1,2,1,0,3,0,3,1
9,1,20,1,12,2,1,2,1,2,2,2,1,2,2,2,2,2,2,2,1,2,2,4,0,3,1,2,0,1,0,2,0,1,1,2,1,1,1,1,2,1,3,0,4,0,2,1,1,2,1,5,0,2,2,1,3,0,2,1
11,1,20,1,13,3,1,2,1,2,2,2,2,2,2,1,2,2,2,1,1,2,2,3,1,3,1,3,1,1,0,2,0,1,1,2,1,1,1,1,1,1,3,0,5,0,2,5,0,1,1,2,1,2,4,1,3,0,2,1
11,1,20,1,16,3,1,2,1,2,2,2,1,1,2,1,2,2,2,1,1,2,2,4,0,3,1,4,0,9,0,1,1,1,1,2,1,1,4,0,2,1,3,0,2,1,2,2,1,2,1,4,0,2,3,1,3,0,2,1
9,1,20,1,18,3,2,2,1,2,2,2,1,2,2,2,2,2,2,2,1,2,2,3,1,3,1,3,1,2,1,2,0,1,1,2,1,1,1,1,1,1,1,1,4,0,2,4,0,5,0,2,1,2,5,1,4,1,1,0
11,1,21,1,10,1,1,2,1,2,2,2,2,2,2,2,2,2,1,2,1,2,2,3,1,3,1,3,1,9,0,2,0,1,1,2,1,1,1,1,3,0,3,0,2,1,2,4,0,1,1,2,1,2,4,1,3,0,2,1
11,1,21,1,17,3,2,2,1,2,1,2,2,2,2,2,2,2,2,2,1,2,2,6,0,1,0,9,0,9,0,2,0,1,1,2,1,1,1,1,1,1,1,1,4,0,2,4,0,1,1,4,0,2,1,0,4,1,1,0
11,1,21,1,19,3,1,2,1,2,1,2,2,2,2,2,2,2,2,1,1,2,2,9,0,9,0,9,0,9,0,1,1,1,1,2,1,1,1,1,2,1,1,1,1,1,2,4,0,1,1,5,0,2,2,1,5,1,1,0
15,1,23,1,16,3,1,2,1,2,2,2,2,2,2,2,2,2,1,1,1,2,2,9,0,9,0,9,0,9,0,1,1,1,1,2,1,1,1,1,1,1,1,1,4,0,2,2,1,4,0,3,0,2,2,1,4,1,1,0
11,1,23,1,16,3,1,2,1,2,2,2,2,2,2,1,1,2,2,1,1,2,2,3,1,9,0,9,0,9,0,1,1,1,1,2,1,1,4,0,2,1,2,1,4,0,2,4,0,2,1,4,0,2,3,1,3,0,1,0
2,1,23,1,16,3,2,2,1,2,1,2,2,2,2,2,2,2,2,1,1,2,2,4,0,3,1,9,0,1,0,1,1,1,1,2,1,1,1,1,1,1,3,0,5,0,2,4,0,1,1,2,1,2,3,1,3,0,2,1
4,2,24,1,16,3,1,2,1,2,1,2,2,2,2,2,2,2,2,1,1,2,2,4,0,9,0,9,0,9,0,1,1,1,1,2,2,1,2,1,2,1,2,1,3,0,2,4,0,2,1,2,1,2,2,1,4,1,2,1
4,2,24,1,16,3,1,2,1,2,1,2,2,2,2,2,2,2,2,1,1,2,2,4,0,2,0,3,1,2,1,2,0,2,0,2,2,1,2,1,3,0,3,0,5,0,2,1,1,1,1,1,1,2,2,1,2,0,3,1
15,1,24,1,18,3,2,2,1,2,2,2,2,2,1,2,2,2,2,2,1,2,2,9,0,9,0,9,0,9,0,2,0,1,1,2,2,1,2,1,2,1,2,1,4,0,2,1,1,5,0,4,0,2,1,0,4,1,1,0
7,2,26,2,15,3,1,2,1,2,1,2,2,2,2,2,2,2,2,1,1,2,2,3,1,9,0,9,0,9,0,2,0,1,1,2,4,2,4,0,2,1,2,1,2,1,2,4,0,2,1,4,0,2,2,1,5,1,1,0
9,2,26,2,16,3,1,2,1,2,1,2,2,2,2,2,2,2,2,1,1,2,2,4,0,3,1,1,0,2,1,1,1,1,1,2,2,1,1,1,1,1,1,1,5,0,2,5,0,1,1,1,1,2,4,1,4,1,2,1
8,1,27,2,17,3,1,2,1,2,1,2,2,2,2,2,2,2,2,1,1,2,2,4,0,3,1,2,0,2,1,1,1,1,1,2,1,1,1,1,1,1,1,1,4,0,2,4,0,1,1,2,1,2,4,1,4,1,2,1
15,1,29,2,19,3,2,2,1,2,2,1,1,1,1,1,1,2,2,2,1,2,2,9,0,9,0,9,0,9,0,2,0,1,1,2,1,1,1,1,1,1,1,1,4,0,2,4,0,2,1,3,0,2,1,0,4,1,1,0
15,1,30,2,24,3,1,2,1,2,1,2,2,2,2,2,2,2,2,1,1,2,2,4,0,9,0,9,0,9,0,1,1,1,1,2,2,1,2,1,2,1,2,1,5,0,2,5,0,5,0,5,0,2,2,1,4,1,0,0
9,2,31,2,17,3,1,2,1,2,2,2,2,2,1,2,2,2,2,1,1,2,2,4,0,3,1,9,0,1,0,2,0,1,1,2,2,1,2,1,2,1,2,1,3,0,2,2,1,3,0,3,0,2,2,1,4,1,1,0
15,2,37,2,8,1,1,2,1,2,2,1,1,2,2,2,2,2,2,1,1,2,2,9,0,9,0,9,0,9,0,2,0,1,1,2,2,1,2,1,2,1,3,0,4,0,2,4,0,2,1,4,0,2,1,0,3,0,1,0
9,2,37,2,14,3,1,2,1,2,2,2,2,2,1,2,2,2,2,1,1,2,2,9,0,9,0,9,0,9,0,2,0,9,0,2,1,1,1,1,1,1,1,1,3,0,2,1,1,3,0,3,0,2,0,0,4,1,1,0
4,1,16,1,13,3,2,2,2,4,2,2,2,2,1,2,2,2,2,2,1,2,2,9,0,9,0,9,0,9,0,2,0,1,1,2,5,2,1,1,1,1,4,0,4,0,2,4,0,1,1,5,0,2,1,0,4,1,1,0
11,1,17,1,6,1,2,2,2,4,2,1,1,2,2,1,2,2,2,2,1,2,2,3,1,3,1,1,0,2,1,2,0,1,1,2,1,1,1,1,1,1,3,0,5,0,2,5,0,1,1,4,0,2,4,1,3,0,1,0
3,1,18,1,3,1,1,2,2,4,2,2,2,2,2,2,1,2,2,1,1,2,2,9,0,3,1,4,0,9,0,2,0,1,1,2,1,1,1,1,1,1,1,1,2,1,2,1,1,1,1,2,1,2,2,1,5,1,3,1
2,1,18,1,4,1,2,2,2,4,2,1,1,1,1,2,2,1,2,2,1,2,2,9,0,3,1,9,0,9,0,2,0,1,1,2,3,2,3,0,3,0,3,0,1,1,2,3,0,3,0,3,0,2,2,1,3,0,0,0
8,1,18,1,5,1,1,2,2,4,2,2,1,2,2,2,2,2,2,2,1,2,2,9,0,9,0,9,0,9,0,2,0,1,1,2,1,1,1,1,1,1,3,0,3,0,2,1,1,1,1,1,1,2,1,0,3,0,3,1
8,1,18,1,7,1,2,2,2,4,2,1,1,1,2,2,2,2,2,2,1,2,2,9,0,9,0,9,0,9,0,2,0,9,0,2,1,1,1,1,3,0,1,1,3,0,2,5,0,1,1,1,1,2,0,0,3,0,2,1
9,1,18,1,8,1,2,2,2,4,2,2,1,2,2,2,2,2,2,2,1,2,2,9,0,9,0,9,0,9,0,2,0,1,1,2,2,1,1,1,1,1,1,1,4,0,2,4,0,1,1,1,1,2,1,0,4,1,2,1
10,1,18,1,8,1,1,2,2,4,2,2,2,2,2,1,2,2,2,2,1,2,2,3,1,3,1,3,1,2,1,1,1,1,1,2,1,1,1,1,1,1,5,0,5,0,2,5,0,1,1,1,1,2,6,1,3,0,2,1
10,1,18,1,9,1,2,2,2,4,2,1,2,2,2,2,2,2,2,2,1,2,2,3,1,4,0,9,0,9,0,2,0,9,0,2,4,2,1,1,1,1,1,1,5,0,2,4,0,1,1,1,1,2,1,0,5,1,2,1
2,1,18,1,9,1,2,2,2,4,2,2,2,2,2,2,1,2,2,2,1,2,2,9,0,9,0,9,0,9,0,2,0,2,0,2,1,1,2,1,1,1,1,1,4,0,2,2,1,4,0,1,1,2,0,0,4,1,2,1
8,1,18,1,9,1,1,2,2,4,2,2,2,2,2,1,2,2,2,2,1,2,2,4,0,3,1,2,0,2,1,2,0,2,0,2,1,1,1,1,1,1,1,1,5,0,2,4,0,1,1,2,1,2,2,1,4,1,2,1
16,1,18,1,10,1,1,2,2,4,2,1,2,1,2,2,2,2,2,2,1,2,2,3,1,3,1,3,1,1,0,2,0,1,1,2,1,1,2,1,3,0,3,0,5,0,2,4,0,4,0,5,0,2,4,1,2,0,0,0
8,1,18,1,10,1,1,2,2,4,2,1,1,2,1,1,1,2,2,2,1,2,2,3,1,3,1,3,1,2,1,2,0,1,1,2,1,1,1,1,1,1,1,1,5,0,2,5,0,5,0,1,1,2,5,1,4,1,1,0
15,1,18,1,10,1,2,2,2,4,2,1,1,2,2,1,2,2,2,2,1,2,2,9,0,9,0,9,0,9,0,2,0,9,0,2,1,1,1,1,1,1,1,1,4,0,2,4,0,2,1,4,0,2,0,0,4,1,1,0
10,1,18,1,10,1,2,2,2,4,2,2,1,2,2,2,2,2,2,2,1,2,2,9,0,9,0,9,0,9,0,2,0,9,0,2,1,1,1,1,4,0,2,1,5,0,2,1,1,4,0,5,0,2,0,0,3,0,1,0
16,1,18,1,10,1,1,2,2,4,2,1,1,1,2,1,2,2,2,2,1,2,2,3,1,9,0,2,0,9,0,2,0,1,1,2,1,1,1,1,1,1,3,0,5,0,2,5,0,1,1,2,1,2,2,1,3,0,2,1
3,1,18,1,10,1,1,2,2,4,2,1,1,2,2,2,2,2,2,2,1,2,2,6,0,3,1,9,0,9,0,2,0,1,1,2,1,1,1,1,1,1,3,0,5,0,2,1,1,1,1,1,1,2,2,1,3,0,3,1
8,1,18,1,11,2,1,2,2,4,2,1,2,2,2,2,2,2,2,1,1,2,2,3,1,9,0,9,0,1,0,1,1,1,1,2,1,1,1,1,1,1,1,1,5,0,2,4,0,1,1,3,0,2,3,1,4,1,1,0
7,1,18,1,11,2,1,2,2,4,2,1,2,2,2,2,2,2,2,2,1,2,2,5,0,2,0,1,0,1,0,2,0,1,1,2,1,1,3,0,3,0,3,0,5,0,2,2,1,2,1,3,0,2,1,0,1,0,2,1
4,1,18,1,11,2,2,2,2,4,2,1,1,2,2,1,2,2,2,1,1,2,2,3,1,3,1,9,0,9,0,2,0,1,1,2,2,1,1,1,1,1,1,1,5,0,2,2,1,2,1,4,0,2,3,1,4,1,2,1
10,1,18,1,11,2,2,2,2,4,2,2,2,1,2,2,2,2,2,2,1,2,2,9,0,9,0,9,0,9,0,2,0,9,0,2,1,1,2,1,2,1,4,0,5,0,2,2,1,2,1,2,1,2,0,0,3,0,3,1
11,1,18,1,12,2,1,2,2,4,2,2,2,2,2,1,2,2,2,1,1,2,2,9,0,9,0,9,0,9,0,1,1,1,1,2,1,1,1,1,1,1,1,1,5,0,2,5,0,1,1,1,1,2,2,1,4,1,2,1
11,1,18,1,12,2,2,2,2,4,2,2,2,2,2,2,1,2,2,1,1,2,2,3,1,3,1,3,1,9,0,1,1,2,0,2,2,1,1,1,2,1,1,1,5,0,2,5,0,1,1,1,1,2,4,1,4,1,2,1
11,1,18,1,12,2,1,2,2,4,2,1,2,2,2,2,2,2,2,2,1,2,2,3,1,2,0,2,0,1,0,2,0,9,0,2,1,1,3,0,3,0,3,0,3,0,2,2,1,2,1,3,0,2,1,0,1,0,2,1
7,1,18,1,13,3,1,2,2,4,2,1,1,2,2,1,2,2,2,2,1,2,2,4,0,9,0,9,0,9,0,2,0,1,1,2,3,2,1,1,1,1,1,1,4,0,2,5,0,1,1,3,0,2,1,0,5,1,1,0
16,1,18,1,13,3,2,2,2,4,2,2,1,1,1,2,2,2,2,1,1,2,2,3,1,3,1,9,0,9,0,2,0,1,1,2,2,1,2,1,3,0,3,0,4,0,2,5,0,2,1,5,0,2,3,1,2,0,1,0
11,1,18,1,13,3,2,2,2,4,2,2,2,2,2,1,2,2,2,1,1,2,2,3,1,3,1,3,1,9,0,1,1,1,1,2,2,1,2,1,3,0,3,0,4,0,2,5,0,2,1,5,0,2,5,1,2,0,1,0
5,1,18,1,13,3,2,2,2,4,2,1,1,2,2,2,2,2,2,1,1,2,2,9,0,3,1,9,0,9,0,2,0,9,0,2,2,1,2,1,3,0,3,0,4,0,2,2,1,2,1,3,0,2,1,0,2,0,2,1
9,1,19,1,7,1,2,2,2,4,2,1,2,2,2,2,2,2,2,1,1,2,2,9,0,9,0,9,0,9,0,2,0,1,1,2,1,1,1,1,1,1,4,0,3,0,2,1,1,1,1,3,0,2,1,0,3,0,2,1
9,1,19,1,9,1,2,2,2,4,2,2,1,2,2,2,2,2,2,1,1,2,2,9,0,9,0,9,0,9,0,2,0,2,0,2,1,1,3,0,1,1,5,0,3,0,2,4,0,1,1,5,0,2,0,0,2,0,1,0
11,1,19,1,10,1,2,2,2,4,2,2,1,1,2,2,2,2,2,2,1,2,2,6,0,1,0,1,0,2,1,2,0,2,0,2,2,1,2,1,2,1,3,0,2,1,2,2,1,3,0,4,0,2,1,0,4,1,1,0
10,1,19,1,10,1,2,2,2,4,2,2,2,1,2,2,2,2,2,2,1,2,2,9,0,9,0,9,0,9,0,2,0,1,1,2,1,1,1,1,1,1,1,1,5,0,2,5,0,1,1,1,1,2,1,0,4,1,2,1
11,1,19,1,11,2,2,2,2,4,2,2,1,2,1,2,2,2,2,2,1,2,2,3,1,3,1,3,1,2,1,1,1,1,1,2,1,1,2,1,2,1,2,1,4,0,2,5,0,2,1,4,0,2,6,1,4,1,1,0
10,1,19,1,12,2,2,2,2,4,2,2,2,2,2,1,2,2,2,2,1,2,2,3,1,9,0,9,0,9,0,2,0,9,0,2,1,1,1,1,1,1,1,1,5,0,2,4,0,1,1,1,1,2,1,0,4,1,2,1
11,1,19,1,14,3,2,2,2,4,2,2,2,2,2,1,2,2,2,1,1,2,2,3,1,3,1,3,1,9,0,1,1,1,1,2,5,2,3,0,3,0,3,0,5,0,2,5,0,5,0,5,0,2,5,1,2,0,0,0
3,1,19,1,14,3,1,2,2,4,2,1,1,2,2,1,2,2,2,1,1,2,2,9,0,3,1,9,0,9,0,2,0,1,1,2,1,1,1,1,1,1,1,1,3,0,2,4,0,1,1,2,1,2,2,1,4,1,2,1
8,1,20,1,10,1,2,2,2,4,2,1,1,2,2,2,2,2,2,2,1,2,2,4,0,9,0,9,0,9,0,1,1,9,0,2,1,1,1,1,1,1,1,1,4,0,2,1,1,1,1,1,1,2,1,0,4,1,3,1
10,1,20,1,13,3,2,2,2,4,2,2,1,2,2,2,2,2,2,2,1,2,2,9,0,9,0,9,0,9,0,2,0,1,1,2,2,1,2,1,2,1,2,1,3,0,2,4,0,1,1,3,0,2,1,0,4,1,1,0
8,1,20,1,13,3,1,2,2,4,2,1,1,2,2,1,2,2,2,2,1,2,2,9,0,9,0,9,0,9,0,2,0,1,1,2,1,1,1,1,1,1,1,1,5,0,2,5,0,1,1,1,1,2,1,0,4,1,2,1
9,1,21,1,10,1,1,2,2,4,1,2,2,2,2,2,2,2,2,1,1,2,2,3,1,9,0,4,0,9,0,1,1,1,1,2,1,1,2,1,3,0,3,0,4,0,2,1,1,1,1,1,1,2,3,1,2,0,3,1
11,1,22,1,10,1,1,2,2,4,2,2,2,2,2,1,2,2,2,1,1,2,2,9,0,9,0,9,0,9,0,2,0,9,0,2,5,2,2,1,2,1,2,1,4,0,2,4,0,2,1,3,0,2,0,0,5,1,1,0
10,1,22,1,12,2,2,2,2,4,1,2,2,2,2,2,2,1,2,1,1,2,2,6,0,3,1,2,0,2,1,2,0,1,1,2,5,2,2,1,2,1,2,1,5,0,2,5,0,2,1,2,1,2,3,1,5,1,2,1
2,1,22,1,13,3,2,2,2,4,2,2,1,2,2,2,2,2,2,1,1,2,2,9,0,4,0,9,0,9,0,2,0,1,1,2,2,1,1,1,1,1,1,1,4,0,2,1,1,2,1,5,0,2,1,0,4,1,2,1
15,1,22,1,13,3,1,2,2,4,2,2,1,2,2,2,2,2,2,2,1,2,2,6,0,3,1,4,0,2,1,1,1,1,1,2,1,1,1,1,1,1,1,1,1,1,2,1,1,1,1,1,1,2,4,1,5,1,3,1
9,1,22,1,14,3,2,2,2,4,2,2,1,2,2,2,2,2,2,2,1,2,2,3,1,3,1,9,0,9,0,2,0,1,1,2,1,1,1,1,1,1,1,1,3,0,2,2,1,2,1,3,0,2,3,1,4,1,2,1
11,1,22,1,15,3,2,2,2,4,2,2,2,2,1,1,2,2,2,2,1,2,2,9,0,9,0,9,0,9,0,2,0,1,1,2,3,2,2,1,2,1,2,1,3,0,2,5,0,2,1,5,0,2,1,0,5,1,1,0
3,1,23,1,12,2,1,2,2,4,2,1,2,2,2,2,2,2,2,1,1,2,2,9,0,3,1,9,0,9,0,2,0,1,1,2,1,1,2,1,2,1,2,1,5,0,2,1,1,2,1,2,1,2,2,1,4,1,3,1
15,1,23,1,13,3,2,2,2,4,2,2,1,2,2,2,2,2,2,1,1,2,2,6,0,3,1,4,0,2,1,1,1,1,1,2,1,1,1,1,1,1,1,1,4,0,2,1,1,1,1,4,0,2,4,1,4,1,2,1
8,1,23,1,18,3,1,2,2,4,2,1,1,2,2,1,2,2,2,2,1,2,2,3,1,9,0,9,0,9,0,2,0,1,1,2,1,1,2,1,1,1,1,1,5,0,2,5,0,1,1,2,1,2,2,1,4,1,2,1
3,1,24,1,18,3,2,2,2,4,2,2,1,2,2,2,2,2,2,1,1,2,2,9,0,3,1,9,0,9,0,2,0,1,1,2,1,1,2,1,1,1,2,1,3,0,2,2,1,2,1,2,1,2,2,1,4,1,3,1
2,2,28,2,14,3,1,2,2,4,1,2,2,2,2,2,2,2,2,1,1,2,2,4,0,3,1,4,0,1,0,1,1,1,1,2,3,2,3,0,3,0,3,0,3,0,2,1,1,1,1,3,0,2,3,1,2,0,2,1
11,2,30,2,12,2,2,2,2,4,2,2,2,2,2,1,2,2,2,1,1,2,2,9,0,9,0,9,0,9,0,2,0,1,1,2,2,1,2,1,2,1,2,1,4,0,2,1,1,4,0,4,0,2,1,0,4,1,1,0
2,2,30,2,18,3,1,2,2,4,2,2,2,1,1,1,2,2,2,2,1,2,2,9,0,3,1,9,0,9,0,2,0,2,0,2,3,2,2,1,2,1,2,1,4,0,2,4,0,2,1,3,0,2,1,0,5,1,1,0
2,1,18,1,8,1,1,2,2,4,2,2,2,2,2,1,2,2,2,2,1,2,2,3,1,3,1,4,0,9,0,1,1,1,1,2,1,1,1,1,1,1,2,1,5,0,2,5,0,1,1,1,1,2,4,1,4,1,2,1
8,2,35,2,12,2,1,2,2,4,2,2,1,2,2,1,2,2,2,2,1,2,2,4,0,3,1,2,0,2,1,2,0,1,1,2,2,1,3,0,2,1,2,1,4,0,2,4,0,1,1,2,1,2,3,1,3,0,2,1
11,1,17,1,10,1,1,2,1,2,2,1,1,1,1,1,1,1,2,2,1,2,2,9,0,9,0,9,0,9,0,2,0,9,0,2,3,2,3,0,3,0,3,0,3,0,2,3,0,3,0,3,0,2,0,0,2,0,0,0
8,1,18,1,9,1,1,2,1,2,2,1,1,1,2,2,2,2,2,2,1,2,2,9,0,9,0,9,0,9,0,2,0,1,1,2,1,1,1,1,3,0,1,1,3,0,2,5,0,1,1,1,1,2,1,0,3,0,2,1
11,1,18,1,10,1,1,2,1,2,1,2,1,2,2,1,2,2,2,2,1,2,2,3,1,3,1,3,1,3,0,2,0,9,0,2,1,1,1,1,1,1,4,0,4,0,2,1,1,1,1,1,1,2,3,1,3,0,3,1
11,1,18,1,10,1,1,2,1,2,2,2,2,2,1,2,2,2,2,1,1,2,2,3,1,3,1,3,1,1,0,1,1,1,1,2,1,1,1,1,1,1,1,1,1,1,2,1,1,2,1,2,1,2,5,1,5,1,3,1
3,1,18,1,11,2,1,2,1,2,2,1,2,2,1,2,2,2,2,1,1,2,2,3,1,3,1,9,0,9,0,1,1,1,1,2,1,1,1,1,1,1,1,1,5,0,2,5,0,1,1,1,1,2,4,1,4,1,2,1
3,1,18,1,14,3,2,2,1,2,2,1,1,2,2,2,2,2,2,2,1,2,2,9,0,9,0,9,0,9,0,2,0,9,0,2,3,2,3,0,1,1,1,1,3,0,2,4,0,1,1,4,0,2,0,0,4,1,1,0
3,1,19,1,10,1,1,2,1,2,1,2,2,2,2,2,2,2,2,1,1,2,2,4,0,3,1,9,0,9,0,1,1,1,1,2,1,1,1,1,1,1,4,0,5,0,2,1,1,1,1,2,1,2,3,1,3,0,3,1
11,1,20,1,10,1,2,2,1,2,2,1,1,1,1,1,2,2,2,2,1,2,2,9,0,9,0,9,0,9,0,2,0,9,0,2,2,1,2,1,2,1,2,1,1,1,2,2,1,2,1,3,0,2,0,0,5,1,2,1
8,1,20,1,12,2,1,2,1,2,2,2,2,2,1,2,2,2,2,1,1,2,2,4,0,3,1,2,0,2,1,2,0,9,0,2,5,2,1,1,2,1,3,0,3,0,2,1,1,2,1,2,1,2,2,1,4,1,3,1
11,1,20,1,13,3,2,2,1,2,1,2,2,2,2,2,2,2,1,1,1,2,2,3,1,3,1,3,1,1,0,1,1,1,1,2,2,1,2,1,3,0,3,0,1,1,2,5,0,1,1,5,0,2,5,1,3,0,1,0
11,1,22,1,15,3,2,2,1,2,2,2,2,2,2,2,1,2,2,2,1,2,2,3,1,3,1,9,0,2,1,1,1,9,0,2,2,1,2,1,2,1,3,0,5,0,2,4,0,1,1,4,0,2,4,1,3,0,1,0
4,1,25,2,15,3,1,2,1,2,2,2,2,2,2,1,2,2,2,2,1,2,2,3,1,3,1,9,0,9,0,1,1,1,1,2,2,1,1,1,1,1,1,1,4,0,2,4,0,1,1,1,1,2,4,1,4,1,2,1
12,2,27,2,20,3,1,2,1,2,1,2,2,2,2,2,2,2,2,1,1,2,2,4,0,4,0,9,0,1,0,1,1,1,1,2,1,1,1,1,1,1,1,1,5,0,2,5,0,1,1,1,1,2,2,1,4,1,2,1
7,1,28,2,5,1,1,2,1,2,2,2,2,2,1,2,2,2,2,1,1,2,2,3,1,3,1,9,0,9,0,2,0,1,1,2,2,1,3,0,3,0,3,0,4,0,2,4,0,5,0,4,0,2,3,1,1,0,0,0
4,2,32,2,32,3,1,2,1,2,2,1,2,2,2,2,2,2,2,2,1,2,2,9,0,9,0,9,0,9,0,2,0,1,1,2,2,1,2,1,2,1,2,1,4,0,2,2,1,2,1,2,1,2,1,0,4,1,3,1
4,2,35,2,17,3,1,2,1,2,1,2,2,2,2,2,2,2,2,1,1,2,2,4,0,3,1,2,0,2,1,1,1,1,1,2,1,1,1,1,1,1,1,1,5,0,2,5,0,1,1,2,1,2,4,1,4,1,2,1
4,1,17,1,11,2,1,2,2,4,2,1,1,1,2,2,2,2,2,1,1,1,2,9,0,9,0,9,0,1,0,1,1,1,1,2,2,1,2,1,2,1,1,1,2,1,2,2,1,1,1,2,1,2,2,1,5,1,3,1
11,1,18,1,12,2,2,2,2,4,2,2,2,2,1,2,2,2,2,1,1,2,2,3,1,9,0,9,0,9,0,2,0,9,0,2,2,1,2,1,3,0,3,0,1,1,2,4,0,2,1,5,0,2,1,0,3,0,1,0
16,1,18,1,13,3,1,2,2,4,2,2,2,2,2,1,2,2,2,1,1,2,2,3,1,3,1,3,1,9,0,1,1,1,1,2,1,1,1,1,2,1,3,0,2,1,2,5,0,1,1,5,0,2,5,1,4,1,1,0
9,1,19,1,7,1,1,2,2,4,2,1,1,2,2,1,2,2,2,2,1,2,2,6,0,3,1,3,1,9,0,2,0,1,1,2,1,1,1,1,1,1,2,1,4,0,2,5,0,1,1,1,1,2,3,1,4,1,2,1
3,1,22,1,12,2,1,2,2,4,2,1,1,1,1,1,2,2,1,2,1,2,2,6,0,3,1,3,1,9,0,2,0,1,1,2,1,1,1,1,2,1,1,1,4,0,2,2,1,1,1,4,0,2,3,1,4,1,2,1
16,1,17,1,6,1,2,2,2,4,2,2,2,2,2,1,2,2,2,1,1,2,2,3,1,2,0,9,0,2,1,2,0,1,1,2,1,1,2,1,1,1,3,0,4,0,2,4,0,2,1,1,1,2,3,1,3,0,2,1
4,1,17,1,11,2,1,2,2,4,2,1,2,2,2,2,2,2,2,1,1,2,2,3,1,3,1,2,0,9,0,1,1,1,1,2,2,1,1,1,2,1,1,1,2,1,2,2,1,2,1,1,1,2,4,1,5,1,3,1
8,1,18,1,1,1,2,2,2,4,2,2,2,2,2,1,2,2,2,2,1,2,2,9,0,9,0,9,0,9,0,2,0,9,0,2,1,1,3,0,1,1,3,0,3,0,2,3,0,1,1,1,1,2,0,0,2,0,2,1
11,1,18,1,9,1,2,2,2,4,2,1,1,2,2,1,2,1,2,2,1,2,2,3,1,3,1,3,1,9,0,2,0,1,1,2,3,2,3,0,3,0,3,0,4,0,2,5,0,5,0,2,1,2,4,1,2,0,1,0
11,1,18,1,11,2,1,2,2,4,1,2,2,2,2,2,2,2,2,1,1,2,2,5,0,3,1,3,1,1,0,1,1,1,1,2,1,1,4,0,2,1,5,0,1,1,2,4,0,1,1,1,1,2,4,1,3,0,2,1
3,1,19,1,12,2,2,2,2,4,2,1,2,2,2,2,2,2,2,1,1,2,2,9,0,3,1,9,0,9,0,2,0,9,0,2,2,1,2,1,3,0,2,1,4,0,2,2,1,2,1,2,1,2,1,0,3,0,3,1
10,1,19,1,14,3,2,2,2,4,2,2,2,2,2,1,2,2,2,1,1,2,2,3,1,3,1,9,0,3,0,1,1,1,1,2,1,1,2,1,1,1,2,1,5,0,2,5,0,1,1,2,1,2,4,1,4,1,2,1
2,1,18,1,13,3,1,1,1,1,2,2,2,2,2,2,1,2,2,1,2,2,2,3,1,1,0,1,0,1,0,1,1,9,0,2,2,1,1,1,1,1,1,1,3,0,2,1,1,2,1,5,0,2,2,1,4,1,2,1
15,1,19,1,5,1,2,1,1,1,2,2,2,1,1,2,1,2,2,1,2,2,2,9,0,9,0,9,0,9,0,2,0,1,1,2,2,1,2,1,2,1,3,0,3,0,2,4,0,2,1,4,0,2,1,0,3,0,1,0
8,1,19,1,10,1,1,1,1,1,2,2,2,2,2,2,1,2,2,1,2,2,2,3,1,9,0,9,0,9,0,1,1,1,1,2,2,1,1,1,1,1,1,1,5,0,2,5,0,1,1,1,1,2,3,1,4,1,2,1
10,1,21,1,16,3,2,1,1,1,2,2,2,2,1,2,2,2,1,2,2,2,2,3,1,3,1,9,0,9,0,2,0,1,1,2,1,1,2,1,3,0,3,0,4,0,2,5,0,1,1,1,1,2,3,1,2,0,2,1
15,1,22,1,12,2,1,1,1,1,2,1,2,2,2,2,2,2,2,2,2,2,2,9,0,9,0,9,0,9,0,2,0,9,0,2,1,1,1,1,1,1,1,1,3,0,2,5,0,1,1,3,0,2,0,0,4,1,1,0
8,1,18,1,12,2,2,1,2,1,2,1,1,1,1,1,1,2,1,2,2,2,2,3,1,9,0,9,0,9,0,2,0,1,1,2,1,1,1,1,1,1,1,1,5,0,2,5,0,1,1,1,1,2,2,1,4,1,2,1
4,1,19,1,11,2,1,1,2,1,2,2,2,2,2,1,2,2,2,1,2,2,2,3,1,3,1,1,0,1,0,1,1,1,1,2,2,1,3,0,2,1,2,1,4,0,2,1,1,1,1,2,1,2,4,1,3,0,3,1
16,1,18,1,2,1,1,1,2,1,2,2,2,1,1,2,2,2,2,1,2,2,2,9,0,3,1,9,0,2,1,1,1,1,1,2,1,1,3,0,3,0,1,1,4,0,2,2,1,2,1,5,0,2,4,1,2,0,2,1
3,1,18,1,7,1,1,1,2,1,1,2,2,2,2,2,2,2,2,1,2,2,2,9,0,9,0,9,0,9,0,2,0,1,1,2,1,1,1,1,1,1,3,0,4,0,2,2,1,2,1,2,1,2,1,0,3,0,3,1
11,1,20,1,15,3,2,1,2,1,2,2,2,2,2,1,2,2,2,2,2,2,2,9,0,9,0,9,0,9,0,2,0,1,1,2,1,1,1,1,1,1,3,0,4,0,2,4,0,1,1,1,1,2,1,0,3,0,2,1
9,1,22,1,12,2,1,1,2,1,2,2,2,2,1,2,2,2,2,2,2,2,2,9,0,9,0,9,0,9,0,2,0,9,0,2,2,1,2,1,2,1,3,0,3,0,2,2,1,2,1,4,0,2,0,0,3,0,2,1
3,1,22,1,12,2,1,1,2,1,2,2,2,1,1,1,2,2,2,2,2,2,2,6,0,3,1,3,1,2,1,1,1,1,1,2,1,1,1,1,1,1,1,1,5,0,2,1,1,2,1,1,1,2,5,1,4,1,3,1
9,1,18,1,6,1,2,2,1,2,2,1,2,2,2,2,2,2,2,2,2,2,2,9,0,9,0,9,0,9,0,2,0,1,1,2,2,1,2,1,2,1,1,1,3,0,2,4,0,2,1,4,0,2,1,0,4,1,1,0
11,1,18,1,9,1,1,2,1,2,2,2,2,2,2,1,2,2,2,2,2,2,2,3,1,3,1,3,1,2,1,2,0,1,1,2,1,1,1,1,1,1,5,0,5,0,2,5,0,1,1,1,1,2,5,1,3,0,2,1
11,1,18,1,10,1,1,2,1,2,2,2,2,2,2,2,1,2,2,1,2,2,2,3,1,3,1,3,1,9,0,2,0,1,1,2,2,1,2,1,3,0,3,0,1,1,2,4,0,2,1,4,0,2,4,1,3,0,1,0
5,1,18,1,12,2,2,2,1,2,2,1,1,2,2,2,2,2,1,2,2,2,2,9,0,9,0,9,0,9,0,2,0,1,1,2,5,2,1,1,1,1,1,1,3,0,2,5,0,1,1,4,0,2,1,0,5,1,1,0
9,1,18,1,12,2,2,2,1,2,2,2,1,2,2,2,2,2,2,2,2,2,2,9,0,9,0,9,0,9,0,2,0,1,1,2,1,1,1,1,2,1,5,0,5,0,2,1,1,1,1,5,0,2,1,0,3,0,2,1
9,1,19,1,10,1,2,2,1,2,2,2,1,2,2,2,2,2,2,2,2,2,2,9,0,3,1,9,0,9,0,2,0,9,0,2,2,1,2,1,3,0,3,0,2,1,2,4,0,2,1,3,0,2,1,0,3,0,1,0
7,1,20,1,11,2,1,2,1,2,2,2,2,2,2,2,2,2,2,1,2,2,2,9,0,9,0,9,0,9,0,1,1,1,1,2,4,2,1,1,1,1,1,1,3,0,2,5,0,1,1,4,0,2,2,1,5,1,1,0
11,1,20,1,15,3,2,2,1,2,1,2,2,2,2,2,2,2,2,2,2,2,2,4,0,3,1,3,1,2,1,1,1,9,0,2,1,1,1,1,1,1,3,0,4,0,2,1,1,1,1,3,0,2,4,1,3,0,2,1
7,2,21,1,6,1,2,2,1,2,2,1,2,2,2,2,2,2,2,2,2,2,2,9,0,9,0,9,0,9,0,2,0,9,0,2,3,2,3,0,5,0,1,1,5,0,2,5,0,5,0,5,0,2,0,0,3,0,0,0
11,1,22,1,12,2,1,2,1,2,2,1,2,2,2,2,2,2,2,1,2,2,2,9,0,9,0,9,0,9,0,2,0,1,1,2,3,2,3,0,3,0,3,0,3,0,2,1,1,1,1,3,0,2,1,0,2,0,2,1
6,2,23,1,16,3,1,2,1,2,2,2,2,2,2,1,2,2,2,2,2,2,2,6,0,3,1,3,1,1,0,2,0,1,1,2,1,1,1,1,1,1,1,1,5,0,2,1,1,1,1,1,1,2,3,1,4,1,3,1
11,1,25,2,19,3,2,2,1,2,2,1,2,2,2,2,2,2,2,2,2,2,2,9,0,4,0,9,0,9,0,2,0,1,1,2,2,1,3,0,2,1,3,0,2,1,2,3,0,3,0,3,0,2,1,0,3,0,0,0
11,1,26,2,19,3,2,2,1,2,2,1,1,2,2,2,1,2,2,1,2,1,2,9,0,4,0,3,1,1,0,2,0,1,1,2,1,1,2,1,2,1,2,1,1,1,2,1,1,5,0,5,0,2,2,1,5,1,1,0
11,1,16,1,12,2,2,2,2,4,2,2,2,2,2,1,2,2,2,2,2,2,2,3,1,3,1,3,1,9,0,1,1,1,1,2,5,2,5,0,3,0,3,0,5,0,2,5,0,5,0,5,0,2,5,1,2,0,0,0
16,1,17,1,1,1,1,2,2,4,2,2,2,1,1,2,2,2,2,2,2,2,2,9,0,3,1,3,1,9,0,2,0,1,1,2,1,1,3,0,3,0,4,0,4,0,2,1,1,1,1,5,0,2,3,1,1,0,2,1
11,1,17,1,10,1,2,2,2,4,2,2,2,2,2,1,2,2,2,2,2,2,2,5,0,3,1,4,0,1,0,1,1,1,1,2,3,2,2,1,1,1,3,0,3,0,2,1,1,1,1,3,0,2,3,1,4,1,2,1
16,1,17,1,13,3,2,2,2,4,2,2,1,1,2,2,2,2,2,2,2,2,2,3,1,3,1,3,1,2,1,2,0,1,1,2,1,1,5,0,3,0,2,1,3,0,2,1,1,2,1,5,0,2,5,1,2,0,2,1
7,1,18,1,5,1,2,2,2,4,2,2,1,2,2,2,2,2,2,2,2,2,2,9,0,9,0,9,0,9,0,2,0,9,0,2,2,1,3,0,3,0,3,0,4,0,2,4,0,5,0,4,0,2,0,0,1,0,0,0
10,1,18,1,5,1,2,2,2,4,2,2,2,2,2,2,2,2,1,2,2,2,2,9,0,3,1,3,1,9,0,2,0,9,0,2,1,1,2,1,2,1,3,0,2,1,2,1,1,1,1,4,0,2,2,1,4,1,2,1
10,1,18,1,5,1,2,2,2,4,2,1,2,2,1,2,1,2,2,2,2,2,2,9,0,1,0,1,0,9,0,1,1,2,0,2,5,2,2,1,2,1,2,1,5,0,2,2,1,2,1,4,0,2,1,0,5,1,2,1
2,1,18,1,6,1,2,2,2,4,2,2,2,2,2,2,2,2,1,2,2,2,2,9,0,3,1,9,0,9,0,2,0,1,1,2,1,1,2,1,1,1,1,1,3,0,2,5,0,3,0,1,1,2,2,1,4,1,1,0
8,1,18,1,6,1,1,2,2,4,2,2,2,2,2,1,2,2,2,1,2,2,2,3,1,3,1,2,0,2,1,1,1,1,1,2,1,1,1,1,1,1,1,1,5,0,2,5,0,1,1,1,1,2,5,1,4,1,2,1
7,1,18,1,6,1,2,2,2,4,2,2,2,1,2,2,1,2,2,2,2,2,2,9,0,9,0,9,0,9,0,2,0,9,0,2,2,1,2,1,2,1,2,1,2,1,2,2,1,2,1,2,1,2,0,0,5,1,3,1
10,1,18,1,7,1,2,2,2,4,2,1,2,2,2,2,2,2,2,1,2,2,2,3,1,3,1,2,0,9,0,1,1,1,1,2,1,1,1,1,1,1,1,1,4,0,2,4,0,1,1,3,0,2,4,1,4,1,1,0
4,1,18,1,7,1,2,2,2,4,2,1,2,1,2,2,2,2,2,2,2,2,2,3,1,3,1,1,0,1,0,2,0,1,1,2,2,1,2,1,2,1,3,0,3,0,2,4,0,2,1,4,0,2,3,1,3,0,1,0
4,1,18,1,7,1,2,2,2,4,2,2,2,1,2,2,2,1,2,2,2,2,2,3,1,3,1,2,0,9,0,2,0,1,1,2,3,2,3,0,1,1,2,1,4,0,2,1,1,5,0,5,0,2,3,1,4,1,1,0
4,1,18,1,7,1,1,2,2,4,2,2,1,2,2,2,2,2,2,2,2,2,2,9,0,9,0,9,0,9,0,2,0,1,1,2,1,1,2,1,1,1,1,1,3,0,2,5,0,1,1,2,1,2,1,0,4,1,2,1
11,1,18,1,7,1,1,2,2,4,2,1,1,1,1,2,1,1,2,1,2,2,2,3,1,3,1,3,1,9,0,2,0,1,1,2,1,1,1,1,1,1,3,0,3,0,2,1,1,1,1,5,0,2,4,1,3,0,2,1
4,1,18,1,7,1,2,2,2,4,2,1,2,1,2,2,2,2,2,2,2,2,2,4,0,3,1,2,0,1,0,2,0,2,0,2,2,1,2,1,3,0,3,0,4,0,2,1,1,1,1,2,1,2,1,0,2,0,3,1
16,1,18,1,8,1,1,2,2,4,2,2,2,1,2,2,2,2,2,2,2,2,2,3,1,3,1,1,0,2,1,2,0,1,1,2,1,1,3,0,1,1,1,1,3,0,2,3,0,3,0,4,0,2,4,1,3,0,0,0
8,1,18,1,8,1,2,2,2,4,2,2,2,2,2,1,2,2,2,1,2,2,2,9,0,9,0,9,0,9,0,2,0,1,1,2,1,1,2,1,3,0,3,0,3,0,2,3,0,3,0,5,0,2,1,0,2,0,0,0
9,1,18,1,8,1,2,2,2,4,2,2,2,2,2,1,2,2,2,2,2,2,2,3,1,4,0,3,1,1,0,2,0,1,1,2,2,1,2,1,2,1,2,1,2,1,2,3,0,2,1,3,0,2,3,1,5,1,1,0
4,1,18,1,8,1,2,2,2,4,2,1,1,1,1,2,1,2,2,2,2,2,2,3,1,3,1,9,0,9,0,2,0,1,1,2,1,1,1,1,1,1,1,1,1,1,2,5,0,2,1,3,0,2,3,1,5,1,1,0
4,1,18,1,8,1,2,2,2,4,2,1,1,1,1,2,2,2,2,2,2,2,2,9,0,9,0,9,0,9,0,2,0,2,0,2,2,1,1,1,1,1,1,1,3,0,2,4,0,2,1,4,0,2,0,0,4,1,1,0
11,1,18,1,8,1,2,2,2,4,2,1,1,2,1,1,2,1,2,2,2,2,2,3,1,3,1,1,0,2,1,2,0,1,1,2,1,1,1,1,3,0,3,0,5,0,2,5,0,1,1,5,0,2,4,1,2,0,1,0
8,1,18,1,8,1,1,2,2,4,2,2,1,2,2,2,2,2,2,1,2,2,2,9,0,9,0,9,0,9,0,1,1,1,1,2,1,1,1,1,1,1,1,1,5,0,2,5,0,1,1,1,1,2,2,1,4,1,2,1
7,1,18,1,8,1,2,2,2,4,2,1,2,2,2,2,2,2,2,2,2,2,2,9,0,9,0,9,0,9,0,2,0,9,0,2,2,1,2,1,2,1,2,1,2,1,2,2,1,2,1,4,0,2,0,0,5,1,2,1
8,1,18,1,9,1,2,2,2,4,2,1,1,2,2,1,2,2,2,2,2,2,2,6,0,3,1,3,1,1,0,2,0,1,1,2,1,1,1,1,1,1,3,0,3,0,2,1,1,1,1,1,1,2,3,1,3,0,3,1
9,1,18,1,10,1,2,2,2,4,2,1,1,2,1,2,2,2,2,2,2,2,2,9,0,9,0,9,0,9,0,2,0,9,0,2,2,1,2,1,2,1,1,1,3,0,2,4,0,2,1,4,0,2,0,0,4,1,1,0
8,1,18,1,10,1,1,2,2,4,2,1,1,1,2,1,2,2,2,2,2,2,2,3,1,3,1,9,0,1,0,2,0,2,0,2,1,1,1,1,1,1,1,1,5,0,2,5,0,1,1,5,0,2,2,1,4,1,1,0
8,1,18,1,10,1,2,2,2,4,2,1,1,2,1,1,2,2,2,2,2,2,2,3,1,3,1,9,0,9,0,2,0,1,1,2,1,1,1,1,3,0,1,1,3,0,2,5,0,1,1,1,1,2,3,1,3,0,2,1
8,1,18,1,10,1,2,2,2,4,2,1,1,2,1,1,2,2,2,2,2,2,2,3,1,3,1,3,1,2,1,2,0,2,0,2,2,1,2,1,3,0,3,0,4,0,2,1,1,2,1,3,0,2,4,1,2,0,2,1
4,1,18,1,10,1,2,2,2,4,2,1,1,2,2,1,2,2,2,2,2,2,2,4,0,3,1,3,1,2,1,2,0,2,0,2,2,1,2,1,3,0,3,0,4,0,2,2,1,2,1,3,0,2,3,1,2,0,2,1
10,1,18,1,10,1,1,2,2,4,2,1,2,2,2,2,2,2,2,1,2,2,2,9,0,9,0,9,0,9,0,2,0,1,1,2,1,1,2,1,3,0,3,0,3,0,2,1,1,2,1,4,0,2,1,0,2,0,2,1
8,1,18,1,10,1,2,2,2,4,2,1,1,1,2,1,1,2,2,2,2,2,2,3,1,2,0,9,0,9,0,2,0,1,1,2,1,1,1,1,1,1,1,1,1,1,2,1,1,1,1,1,1,2,2,1,5,1,3,1
8,1,18,1,10,1,2,2,2,4,2,2,1,2,2,2,2,2,2,2,2,2,2,4,0,3,1,2,0,2,1,2,0,1,1,2,1,1,3,0,1,1,2,1,5,0,2,1,1,2,1,2,1,2,3,1,3,0,3,1
10,1,18,1,11,2,2,2,2,4,2,1,2,2,2,2,2,2,2,2,2,2,2,9,0,3,1,9,0,9,0,2,0,1,1,2,1,1,1,1,1,1,3,0,5,0,2,5,0,2,1,3,0,2,2,1,3,0,1,0
5,1,18,1,11,2,2,2,2,4,2,2,2,2,2,2,2,2,1,2,2,2,2,9,0,3,1,9,0,9,0,2,0,1,1,2,2,1,1,1,1,1,1,1,5,0,2,5,0,1,1,4,0,2,2,1,4,1,1,0
4,1,18,1,11,2,2,2,2,4,2,1,1,1,1,2,1,2,2,2,2,2,2,9,0,9,0,9,0,9,0,2,0,9,0,2,2,1,2,1,2,1,2,1,2,1,2,2,1,4,0,4,0,2,0,0,5,1,1,0
10,1,18,1,11,2,2,2,2,4,2,1,2,2,2,2,2,2,2,2,2,2,2,9,0,9,0,9,0,9,0,2,0,9,0,2,1,1,1,1,2,1,2,1,4,0,2,4,0,2,1,2,1,2,0,0,4,1,2,1
10,1,18,1,11,2,2,2,2,4,2,1,2,2,2,2,2,2,2,2,2,2,2,9,0,9,0,9,0,9,0,2,0,9,0,2,2,1,2,1,2,1,4,0,5,0,2,2,1,2,1,2,1,2,0,0,3,0,3,1
11,1,18,1,12,2,2,2,2,4,2,1,1,2,1,2,1,1,2,2,2,1,2,3,1,3,1,3,1,9,0,2,0,9,0,2,3,2,3,0,3,0,3,0,5,0,2,3,0,5,0,3,0,2,3,1,2,0,0,0
16,1,18,1,12,2,1,2,2,4,2,2,2,2,2,1,2,2,2,1,2,2,2,3,1,9,0,9,0,1,0,1,1,1,1,2,1,1,1,1,1,1,1,1,4,0,2,5,0,1,1,1,1,2,3,1,4,1,2,1
5,1,18,1,12,2,1,2,2,4,2,2,2,2,2,1,2,2,2,2,2,2,2,9,0,3,1,3,1,2,1,2,0,1,1,2,1,1,1,1,1,1,1,1,5,0,2,5,0,1,1,1,1,2,4,1,4,1,2,1
5,1,18,1,13,3,1,2,2,4,2,1,1,2,2,2,2,2,2,2,2,2,2,9,0,9,0,9,0,9,0,2,0,1,1,2,1,1,1,1,1,1,1,1,3,0,2,1,1,1,1,5,0,2,1,0,4,1,2,1
5,1,18,1,14,3,2,2,2,4,2,1,1,2,2,2,2,2,2,2,2,2,2,9,0,9,0,9,0,9,0,2,0,2,0,2,3,2,2,1,2,1,2,1,3,0,2,3,0,4,0,4,0,2,0,0,5,1,0,0
9,1,18,1,14,3,2,2,2,4,2,2,2,2,2,2,2,1,2,2,2,2,2,9,0,9,0,9,0,9,0,2,0,9,0,2,2,1,2,1,2,1,3,0,3,0,2,2,1,2,1,3,0,2,0,0,3,0,2,1
9,1,18,1,15,3,2,2,2,4,2,2,2,2,1,2,2,2,2,1,2,2,2,9,0,9,0,9,0,1,0,2,0,1,1,2,1,1,1,1,1,1,1,1,4,0,2,1,1,1,1,1,1,2,1,0,4,1,3,1
12,2,18,1,16,3,1,2,2,4,2,1,2,1,2,1,2,2,2,2,2,2,2,4,0,9,0,9,0,9,0,1,1,1,1,2,1,1,1,1,1,1,1,1,5,0,2,5,0,1,1,1,1,2,2,1,4,1,2,1
2,1,19,1,4,1,2,2,2,4,2,2,2,2,2,2,2,2,1,2,2,2,2,9,0,9,0,9,0,9,0,2,0,1,1,2,2,1,2,1,2,1,2,1,4,0,2,4,0,2,1,2,1,2,1,0,4,1,2,1
16,1,19,1,8,1,1,2,2,4,2,2,1,2,2,2,2,2,2,2,2,2,2,3,1,3,1,3,1,1,0,2,0,9,0,2,1,1,2,1,2,1,3,0,3,0,2,5,0,1,1,4,0,2,3,1,3,0,1,0
15,1,19,1,8,1,1,2,2,4,2,1,1,2,2,2,2,2,2,1,2,2,2,9,0,9,0,9,0,9,0,2,0,1,1,2,2,1,2,1,2,1,3,0,4,0,2,4,0,2,1,4,0,2,1,0,3,0,1,0
4,1,19,1,8,1,2,2,2,4,2,2,2,2,2,1,2,2,2,2,2,2,2,3,1,3,1,1,0,1,0,1,1,1,1,2,2,1,3,0,2,1,2,1,4,0,2,1,1,1,1,1,1,2,4,1,3,0,3,1
4,1,19,1,10,1,2,2,2,4,2,2,2,2,2,2,1,2,2,1,2,2,2,3,1,3,1,1,0,9,0,1,1,1,1,2,1,1,2,1,2,1,3,0,3,0,2,5,0,2,1,5,0,2,4,1,3,0,1,0
9,1,19,1,12,2,1,2,2,4,2,2,1,2,2,2,2,2,2,2,2,2,2,3,1,3,1,9,0,9,0,2,0,1,1,2,2,1,2,1,2,1,2,1,5,0,2,5,0,2,1,3,0,2,3,1,4,1,1,0
8,1,19,1,12,2,1,2,2,4,2,2,2,2,2,2,1,2,2,1,2,2,2,3,1,3,1,9,0,9,0,1,1,1,1,2,1,1,1,1,1,1,1,1,5,0,2,5,0,1,1,4,0,2,4,1,4,1,1,0
9,1,19,1,12,2,2,2,2,4,2,1,2,2,2,2,2,2,2,2,2,2,2,9,0,9,0,9,0,9,0,2,0,2,0,2,1,1,3,0,2,1,3,0,5,0,2,2,1,4,0,4,0,2,0,0,2,0,1,0
10,1,19,1,12,2,2,2,2,4,2,2,1,2,2,2,2,2,2,2,2,2,2,6,0,9,0,9,0,9,0,2,0,1,1,2,1,1,1,1,1,1,1,1,5,0,2,2,1,5,0,1,1,2,1,0,4,1,2,1
3,1,19,1,12,2,2,2,2,4,2,2,1,2,2,2,2,2,2,1,2,2,2,9,0,3,1,9,0,9,0,2,0,1,1,2,1,1,1,1,1,1,1,1,4,0,2,4,0,1,1,2,1,2,2,1,4,1,2,1
8,1,19,1,12,2,2,2,2,4,2,2,2,1,2,2,2,2,2,2,2,2,2,3,1,9,0,9,0,9,0,2,0,1,1,2,1,1,1,1,1,1,1,1,5,0,2,2,1,1,1,5,0,2,2,1,4,1,2,1
10,1,19,1,12,2,2,2,2,4,2,2,1,2,2,2,2,2,2,2,2,2,2,9,0,9,0,9,0,9,0,2,0,9,0,2,1,1,1,1,2,1,4,0,5,0,2,2,1,2,1,2,1,2,0,0,3,0,3,1
9,1,19,1,13,3,1,2,2,4,2,1,2,2,2,2,2,2,2,2,2,2,2,3,1,3,1,3,1,1,0,2,0,2,0,2,2,1,2,1,2,1,2,1,4,0,2,4,0,2,1,2,1,2,3,1,4,1,2,1
9,1,19,1,13,3,2,2,2,4,2,2,2,2,2,2,2,1,2,2,2,2,2,9,0,9,0,9,0,9,0,2,0,9,0,2,2,1,2,1,2,1,4,0,5,0,2,2,1,2,1,2,1,2,0,0,3,0,3,1
5,1,19,1,14,3,2,2,2,4,2,2,1,2,2,2,2,2,2,2,2,2,2,9,0,9,0,9,0,9,0,2,0,1,1,2,1,1,1,1,1,1,1,1,3,0,2,5,0,1,1,3,0,2,1,0,4,1,1,0
4,1,20,1,7,1,1,2,2,4,2,2,1,2,2,2,2,2,2,1,2,2,2,9,0,9,0,9,0,9,0,2,0,1,1,2,1,1,2,1,1,1,1,1,3,0,2,5,0,1,1,2,1,2,1,0,4,1,2,1
12,2,20,1,8,1,2,2,2,4,2,2,2,2,2,2,2,2,2,2,2,2,2,4,0,3,1,9,0,9,0,2,0,1,1,2,2,1,2,1,2,1,2,1,5,0,2,5,0,1,1,1,1,2,2,1,4,1,2,1
15,1,20,1,9,1,2,2,2,4,2,1,1,2,2,2,2,2,2,1,2,1,2,9,0,9,0,9,0,9,0,2,0,1,1,2,1,1,1,1,1,1,1,1,4,0,2,1,1,1,1,4,0,2,1,0,4,1,2,1
8,1,20,1,10,1,1,2,2,4,2,1,2,2,2,2,2,2,2,2,2,2,2,3,1,9,0,9,0,9,0,2,0,9,0,2,1,1,1,1,1,1,1,1,3,0,2,5,0,1,1,1,1,2,1,0,4,1,2,1
9,1,20,1,12,2,2,2,2,4,2,1,2,2,2,2,2,2,2,2,2,2,2,9,0,9,0,9,0,9,0,2,0,1,1,2,1,1,1,1,1,1,1,1,3,0,2,1,1,2,1,4,0,2,1,0,4,1,2,1
5,1,20,1,13,3,1,2,2,4,2,1,2,2,2,1,2,2,2,2,2,2,2,9,0,3,1,4,0,9,0,1,1,1,1,2,5,2,1,1,1,1,1,1,4,0,2,1,1,1,1,2,1,2,3,1,5,1,3,1
10,1,20,1,13,3,2,2,2,4,2,1,2,2,2,2,2,2,2,2,2,2,2,9,0,9,0,9,0,9,0,2,0,9,0,2,2,1,2,1,2,1,4,0,5,0,2,2,1,2,1,2,1,2,0,0,3,0,3,1
2,1,20,1,14,3,2,2,2,4,2,2,2,2,1,2,2,2,2,2,2,2,2,9,0,9,0,9,0,9,0,2,0,9,0,2,3,2,3,0,1,1,3,0,3,0,2,3,0,1,1,3,0,2,0,0,3,0,1,0
11,1,20,1,14,3,1,2,2,4,2,2,2,2,2,1,2,2,2,2,2,2,2,9,0,9,0,9,0,9,0,2,0,1,1,2,1,1,1,1,2,1,2,1,4,0,2,2,1,1,1,4,0,2,1,0,4,1,2,1
3,1,20,1,15,3,1,2,2,4,2,1,2,2,2,2,2,2,2,2,2,2,2,6,0,3,1,9,0,9,0,2,0,9,0,2,1,1,1,1,1,1,4,0,5,0,2,4,0,4,0,2,1,2,1,0,3,0,1,0
11,1,20,1,15,3,2,2,2,4,2,2,2,2,2,2,1,2,2,2,2,2,2,3,1,9,0,9,0,9,0,1,1,1,1,2,1,1,1,1,1,1,2,1,4,0,2,4,0,1,1,2,1,2,3,1,4,1,2,1
5,1,20,1,16,3,2,2,2,4,2,2,2,2,2,1,2,2,2,2,2,2,2,9,0,3,1,3,1,9,0,2,0,1,1,2,1,1,1,1,1,1,1,1,5,0,2,5,0,2,1,2,1,2,3,1,4,1,2,1
11,1,20,1,17,3,2,2,2,4,2,2,2,2,1,2,2,2,2,2,2,2,2,3,1,3,1,3,1,9,0,2,0,1,1,2,1,1,1,1,1,1,1,1,3,0,2,4,0,1,1,3,0,2,4,1,4,1,1,0
15,1,22,1,8,1,1,2,2,4,2,1,1,2,2,2,2,2,2,1,2,2,2,9,0,9,0,9,0,9,0,2,0,1,1,2,2,1,2,1,2,1,3,0,4,0,2,4,0,2,1,4,0,2,1,0,3,0,1,0
15,1,22,1,8,1,2,2,2,4,2,1,1,2,2,2,2,2,2,1,2,2,2,9,0,9,0,9,0,9,0,2,0,1,1,2,2,1,2,1,2,1,3,0,4,0,2,4,0,2,1,4,0,2,1,0,3,0,1,0
9,1,22,1,10,1,2,2,2,4,2,2,1,2,2,2,2,2,2,2,2,2,2,9,0,9,0,9,0,9,0,2,0,1,1,2,2,1,2,1,2,1,1,1,4,0,2,4,0,1,1,1,1,2,1,0,4,1,2,1
2,1,22,1,13,3,2,2,2,4,2,1,2,2,2,2,2,2,2,2,2,2,2,9,0,9,0,9,0,9,0,2,0,1,1,2,2,1,3,0,3,0,3,0,3,0,2,3,0,2,1,3,0,2,1,0,1,0,1,0
9,1,22,1,15,3,2,2,2,4,2,1,2,2,2,2,2,2,2,2,2,2,2,9,0,9,0,9,0,9,0,2,0,9,0,2,2,1,2,1,2,1,3,0,4,0,2,2,1,2,1,3,0,2,0,0,3,0,2,1
9,1,22,1,15,3,2,2,2,4,2,2,1,2,2,2,2,2,2,2,2,2,2,9,0,9,0,9,0,9,0,2,0,1,1,2,2,1,3,0,2,1,2,1,4,0,2,1,1,1,1,2,1,2,1,0,3,0,3,1
8,1,22,1,20,3,2,2,2,4,2,1,2,2,2,2,2,2,2,1,2,2,2,4,0,3,1,2,0,2,1,2,0,1,1,2,1,1,2,1,1,1,2,1,4,0,2,4,0,1,1,2,1,2,3,1,4,1,2,1
4,1,23,1,10,1,1,2,2,4,2,2,2,2,1,2,2,2,2,2,2,2,2,9,0,3,1,1,0,9,0,2,0,1,1,2,1,1,1,1,1,1,1,1,3,0,2,4,0,2,1,4,0,2,2,1,4,1,1,0
9,1,23,1,14,3,1,2,2,4,2,2,2,2,2,1,2,2,2,1,2,1,2,3,1,3,1,4,0,9,0,1,1,1,1,2,1,1,1,1,1,1,3,0,4,0,2,1,1,3,0,3,0,2,4,1,3,0,1,0
15,1,24,1,17,3,2,2,2,4,2,2,2,2,2,2,1,2,2,1,2,2,2,9,0,9,0,9,0,9,0,2,0,2,0,2,1,1,3,0,3,0,3,0,2,1,2,1,1,4,0,5,0,2,0,0,2,0,1,0
3,1,25,2,12,2,2,2,2,4,2,1,1,2,2,2,1,2,2,2,2,2,2,9,0,9,0,9,0,9,0,2,0,1,1,2,4,2,4,0,1,1,1,1,4,0,2,4,0,4,0,4,0,2,1,0,4,1,0,0
15,1,25,2,13,3,2,2,2,4,2,1,1,2,2,2,2,2,1,1,2,2,2,9,0,9,0,9,0,9,0,2,0,9,0,2,3,2,2,1,2,1,3,0,3,0,2,5,0,2,1,3,0,2,0,0,4,1,1,0
9,1,25,2,20,3,1,2,2,4,2,1,2,2,2,2,2,2,2,2,2,2,2,3,1,3,1,3,1,9,0,2,0,1,1,2,1,1,1,1,1,1,1,1,5,0,2,5,0,5,0,5,0,2,4,1,4,1,0,0
11,1,27,2,13,3,2,2,2,4,2,2,1,2,2,2,2,2,2,2,2,2,2,9,0,9,0,9,0,9,0,2,0,1,1,2,1,1,3,0,1,1,3,0,3,0,2,1,1,2,1,5,0,2,1,0,2,0,2,1
8,2,30,2,12,2,1,2,2,4,2,2,2,2,2,2,1,2,2,1,2,2,2,4,0,3,1,4,0,2,1,1,1,1,1,2,2,1,2,1,1,1,1,1,2,1,2,5,0,1,1,2,1,2,4,1,5,1,2,1
12,2,38,2,18,3,2,2,2,4,2,2,1,1,1,2,2,2,2,1,2,2,2,9,0,9,0,9,0,9,0,2,0,1,1,2,2,1,2,1,2,1,2,1,2,1,2,2,1,4,0,4,0,2,1,0,5,1,1,0
16,1,17,1,3,1,2,2,2,4,2,1,1,2,1,2,1,1,2,2,2,2,2,9,0,9,0,9,0,9,0,2,0,1,1,2,1,1,2,1,2,1,3,0,2,1,2,1,1,2,1,4,0,2,1,0,4,1,2,1
10,1,18,1,8,1,2,2,2,4,2,1,1,2,1,2,1,2,2,2,2,2,2,9,0,9,0,9,0,9,0,2,0,1,1,2,1,1,2,1,2,1,2,1,3,0,2,4,0,2,1,3,0,2,1,0,4,1,1,0
9,1,18,1,9,1,2,2,2,4,2,1,2,2,2,2,2,2,2,2,2,2,2,9,0,9,0,9,0,9,0,2,0,1,1,2,1,1,1,1,1,1,1,1,3,0,2,4,0,3,0,5,0,2,1,0,4,1,0,0
11,1,18,1,10,1,1,2,2,4,2,2,2,2,1,2,1,2,2,1,2,2,2,3,1,3,1,9,0,9,0,1,1,1,1,2,2,1,2,1,3,0,3,0,1,1,2,2,1,4,0,5,0,2,4,1,3,0,1,0
9,1,18,1,11,2,1,2,2,4,2,1,1,2,2,2,1,2,2,2,2,2,2,9,0,9,0,9,0,9,0,2,0,1,1,2,1,1,1,1,1,1,1,1,4,0,2,3,0,2,1,4,0,2,1,0,4,1,1,0
11,1,19,1,6,1,1,2,2,4,1,1,1,2,2,1,1,2,2,1,2,2,2,4,0,3,1,4,0,2,1,1,1,1,1,2,4,2,4,0,2,1,2,1,5,0,2,5,0,1,1,1,1,2,4,1,4,1,2,1
11,1,24,1,14,3,2,2,2,4,2,2,1,2,2,2,2,2,2,2,2,2,2,9,0,9,0,9,0,9,0,2,0,9,0,2,2,1,2,1,2,1,2,1,3,0,2,4,0,2,1,3,0,2,0,0,4,1,1,0
11,1,18,1,9,1,1,2,1,2,2,2,2,1,2,2,2,2,2,1,2,2,2,9,0,9,0,9,0,9,0,2,0,2,0,2,1,1,3,0,3,0,3,0,3,0,2,3,0,3,0,3,0,2,0,0,1,0,0,0
8,1,18,1,9,1,2,2,1,2,2,2,2,2,2,1,2,2,2,1,2,2,2,9,0,9,0,9,0,9,0,2,0,1,1,2,1,1,1,1,1,1,1,1,1,1,2,1,1,1,1,1,1,2,1,0,5,1,3,1
15,1,19,1,13,3,2,2,1,2,1,2,2,2,2,2,2,2,2,1,2,2,2,3,1,9,0,9,0,9,0,2,0,1,1,2,1,1,1,1,2,1,3,0,4,0,2,4,0,2,1,3,0,2,2,1,3,0,1,0
9,1,21,1,8,1,1,2,1,2,2,1,2,2,2,2,2,2,2,1,2,2,2,9,0,9,0,9,0,9,0,1,1,1,1,2,1,1,1,1,1,1,1,1,1,1,2,5,0,1,1,3,0,2,2,1,5,1,1,0
15,1,21,1,12,2,2,2,1,2,2,1,1,2,2,2,2,2,2,2,2,2,2,9,0,9,0,9,0,9,0,2,0,1,1,2,1,1,1,1,1,1,4,0,3,0,2,1,1,1,1,4,0,2,1,0,3,0,2,1
5,1,28,2,16,3,2,2,1,2,2,1,2,2,2,2,2,2,2,1,2,2,2,9,0,9,0,9,0,9,0,2,0,9,0,2,5,2,1,1,1,1,1,1,4,0,2,1,1,2,1,5,0,2,0,0,5,1,2,1
11,1,17,1,3,1,1,2,2,4,2,1,1,1,1,1,1,1,2,2,2,2,2,3,1,3,1,3,1,3,0,2,0,1,1,2,4,2,2,1,2,1,3,0,5,0,2,1,1,1,1,5,0,2,4,1,4,1,2,1
11,1,18,1,7,1,1,2,2,4,2,2,2,2,2,1,2,2,2,2,2,2,2,9,0,9,0,9,0,9,0,2,0,9,0,2,1,1,1,1,1,1,1,1,5,0,2,5,0,1,1,5,0,2,0,0,4,1,1,0
2,1,18,1,7,1,1,2,2,4,2,2,2,2,2,2,2,2,1,2,2,2,2,9,0,3,1,9,0,9,0,2,0,9,0,2,1,1,1,1,2,1,3,0,4,0,2,5,0,1,1,2,1,2,1,0,3,0,2,1
10,1,18,1,7,1,2,2,2,4,2,2,2,2,2,2,2,2,1,2,2,2,2,9,0,3,1,3,1,9,0,2,0,9,0,2,1,1,2,1,2,1,3,0,3,0,2,1,1,2,1,4,0,2,2,1,3,0,2,1
5,1,18,1,11,2,1,2,2,4,2,1,1,1,2,2,2,2,2,2,2,2,2,9,0,9,0,9,0,9,0,2,0,1,1,2,1,1,1,1,1,1,1,1,3,0,2,5,0,1,1,4,0,2,1,0,4,1,1,0
5,1,18,1,11,2,1,2,2,4,2,1,1,1,2,2,2,2,2,2,2,2,2,9,0,9,0,9,0,9,0,2,0,1,1,2,2,1,2,1,2,1,3,0,4,0,2,2,1,2,1,3,0,2,1,0,3,0,2,1
3,1,19,1,6,1,1,2,2,4,2,2,2,2,2,1,2,2,2,1,2,2,2,9,0,4,0,9,0,9,0,2,0,1,1,2,1,1,3,0,1,1,3,0,3,0,2,2,1,1,1,3,0,2,1,0,2,0,2,1
4,1,19,1,8,1,2,2,2,4,2,2,2,1,2,2,2,2,2,2,2,2,2,3,1,3,1,9,0,9,0,2,0,9,0,2,1,1,2,1,3,0,1,1,3,0,2,5,0,1,1,4,0,2,2,1,3,0,1,0
4,1,19,1,9,1,2,2,2,4,2,1,2,2,2,2,2,2,2,2,2,2,2,3,1,3,1,1,0,9,0,2,0,1,1,2,1,1,2,1,1,1,1,1,3,0,2,5,0,1,1,4,0,2,3,1,4,1,1,0
3,1,19,1,10,1,2,2,2,4,2,1,2,1,2,2,2,2,2,2,2,2,2,6,0,3,1,1,0,1,0,2,0,1,1,2,1,1,1,1,1,1,1,1,4,0,2,1,1,1,1,1,1,2,2,1,4,1,3,1
9,1,20,1,13,3,1,2,2,4,2,2,1,2,2,2,2,2,2,2,2,2,2,3,1,3,1,9,0,9,0,2,0,9,0,2,1,1,2,1,3,0,2,1,1,1,2,1,1,2,1,3,0,2,2,1,4,1,2,1
9,1,22,1,17,3,2,2,2,4,2,2,1,2,2,2,2,2,2,2,2,2,2,9,0,9,0,9,0,9,0,2,0,1,1,2,2,1,1,1,1,1,1,1,3,0,2,5,0,1,1,3,0,2,1,0,4,1,1,0
9,1,25,2,15,3,2,2,2,4,2,2,2,2,1,2,2,2,2,2,2,2,2,9,0,9,0,9,0,9,0,2,0,1,1,2,1,1,1,1,1,1,3,0,4,0,2,4,0,1,1,2,1,2,1,0,3,0,2,1
6,2,25,2,17,3,1,2,2,4,2,2,2,2,2,2,2,2,1,1,2,2,2,3,1,4,0,3,1,3,0,1,1,1,1,2,1,1,1,1,1,1,1,1,1,1,2,1,1,1,1,1,1,2,4,1,5,1,3,1
8,1,28,2,20,3,1,2,2,4,2,1,1,2,1,2,1,2,2,2,2,2,2,3,1,9,0,9,0,9,0,2,0,1,1,2,2,1,1,1,1,1,2,1,4,0,2,4,0,1,1,4,0,2,2,1,4,1,1,0
4,1,16,1,11,2,2,2,2,4,2,2,2,1,1,2,2,2,2,2,2,2,2,9,0,9,0,9,0,9,0,1,1,1,1,2,1,1,1,1,1,1,1,1,3,0,2,4,0,1,1,1,1,2,2,1,4,1,2,1
4,1,18,1,7,1,2,2,2,4,2,2,1,2,2,2,2,2,2,2,2,2,2,9,0,9,0,9,0,9,0,2,0,1,1,2,1,1,1,1,1,1,1,1,3,0,2,5,0,1,1,3,0,2,1,0,4,1,1,0
8,1,18,1,9,1,2,2,2,4,2,1,1,1,1,2,2,2,2,1,2,2,2,3,1,3,1,2,0,2,1,2,0,9,0,2,1,1,1,1,1,1,1,1,3,0,2,3,0,2,1,4,0,2,3,1,4,1,1,0
16,1,18,1,9,1,2,2,2,4,2,1,1,2,1,2,2,2,2,2,2,2,2,9,0,4,0,4,0,2,1,2,0,9,0,2,2,1,2,1,2,1,2,1,3,0,2,2,1,2,1,3,0,2,1,0,4,1,2,1
10,1,18,1,10,1,2,2,2,4,2,2,1,2,2,2,2,2,2,2,2,2,2,3,1,3,1,3,1,9,0,2,0,1,1,2,3,2,3,0,3,0,3,0,3,0,2,2,1,3,0,3,0,2,4,1,2,0,1,0
11,1,18,1,12,2,2,2,2,4,2,1,1,2,2,1,2,2,2,2,2,2,2,9,0,9,0,9,0,9,0,1,1,1,1,2,2,1,2,1,2,1,2,1,3,0,2,2,1,2,1,4,0,2,2,1,4,1,2,1
8,1,18,1,12,2,2,2,2,4,2,1,1,1,1,1,2,2,2,1,2,2,2,3,1,9,0,9,0,9,0,2,0,1,1,2,2,1,2,1,2,1,2,1,2,1,2,2,1,2,1,4,0,2,2,1,5,1,2,1
11,1,19,1,10,1,2,2,2,4,2,1,1,2,1,1,2,2,2,2,2,2,2,9,0,4,0,4,0,2,1,2,0,9,0,2,2,1,2,1,2,1,2,1,3,0,2,2,1,2,1,3,0,2,1,0,4,1,2,1
15,1,19,1,10,1,2,2,2,4,2,1,1,2,2,2,2,2,2,1,2,2,2,9,0,9,0,9,0,9,0,2,0,1,1,2,1,1,1,1,1,1,4,0,3,0,2,1,1,1,1,4,0,2,1,0,3,0,2,1
8,1,20,1,5,1,2,2,2,4,2,1,2,2,2,2,2,2,2,1,2,2,2,3,1,3,1,2,0,2,1,2,0,1,1,2,1,1,1,1,1,1,1,1,4,0,2,1,1,3,0,4,0,2,4,1,4,1,1,0
8,1,21,1,12,2,2,2,2,4,2,1,1,2,2,2,2,2,2,1,2,2,2,9,0,9,0,9,0,9,0,2,0,1,1,2,1,1,1,1,1,1,1,1,1,1,2,1,1,1,1,1,1,2,1,0,5,1,3,1
9,1,22,1,13,3,2,2,2,4,2,2,1,2,2,2,2,2,2,2,2,2,2,9,0,9,0,9,0,9,0,2,0,9,0,2,1,1,1,1,1,1,1,1,3,0,2,1,1,2,1,3,0,2,0,0,4,1,2,1
11,1,18,1,4,1,1,1,1,1,2,1,1,2,1,1,2,2,1,2,2,2,2,5,0,4,0,3,1,1,0,1,1,1,1,2,1,1,2,1,3,0,3,0,3,0,2,1,1,2,1,3,0,2,3,1,2,0,2,1
11,1,18,1,10,1,1,1,1,1,2,2,2,2,2,1,2,2,2,2,2,2,2,6,0,3,1,2,0,1,0,1,1,1,1,2,1,1,1,1,1,1,1,1,4,0,2,4,0,2,1,2,1,2,3,1,4,1,2,1
11,2,24,1,14,3,1,1,1,1,1,2,2,2,2,2,2,2,2,1,2,2,2,9,0,9,0,9,0,2,1,1,1,1,1,2,2,1,2,1,2,1,2,1,4,0,2,4,0,2,1,4,0,2,3,1,4,1,1,0
6,2,27,2,15,3,1,1,1,1,1,2,2,2,2,2,2,2,2,1,2,2,2,9,0,9,0,9,0,9,0,2,0,1,1,2,3,2,2,1,1,1,1,1,4,0,2,1,1,2,1,4,0,2,1,0,5,1,2,1
11,2,29,2,20,3,1,1,1,1,2,2,1,2,2,2,2,2,2,2,2,2,2,3,1,9,0,9,0,9,0,2,0,1,1,2,2,1,2,1,2,1,3,0,4,0,2,2,1,2,1,4,0,2,2,1,3,0,2,1
16,1,17,1,12,2,2,1,2,1,2,1,1,2,2,1,2,2,2,2,2,2,2,9,0,9,0,9,0,9,0,2,0,1,1,2,1,1,1,1,1,1,3,0,5,0,2,1,1,1,1,2,1,2,1,0,3,0,3,1
11,1,18,1,8,1,1,1,2,1,2,2,2,2,2,2,1,2,2,1,2,2,2,9,0,9,0,9,0,9,0,2,0,9,0,2,1,1,3,0,3,0,3,0,5,0,2,2,1,1,1,5,0,2,0,0,1,0,2,1
8,1,18,1,9,1,1,1,2,1,2,2,2,2,2,1,2,2,2,2,2,2,2,3,1,9,0,9,0,9,0,2,0,1,1,2,2,1,2,1,1,1,1,1,5,0,2,5,0,1,1,1,1,2,2,1,4,1,2,1
10,1,18,1,10,1,1,1,2,1,2,1,2,2,2,2,2,2,2,2,2,2,2,6,0,3,1,3,1,1,0,2,0,1,1,2,1,1,1,1,3,0,1,1,1,1,2,1,1,2,1,5,0,2,3,1,4,1,2,1
11,1,18,1,12,2,1,1,2,1,2,2,1,2,2,2,2,2,2,2,2,2,2,9,0,9,0,9,0,9,0,2,0,1,1,2,1,1,3,0,1,1,1,1,3,0,2,2,1,2,1,4,0,2,1,0,3,0,2,1
8,1,18,1,13,3,1,1,2,1,2,2,2,2,2,1,2,2,2,2,2,2,2,3,1,9,0,9,0,9,0,2,0,1,1,2,2,1,1,1,1,1,1,1,5,0,2,5,0,1,1,1,1,2,2,1,4,1,2,1
8,1,19,1,11,2,2,1,2,1,2,1,1,2,2,1,2,2,2,2,2,2,2,9,0,9,0,9,0,9,0,2,0,1,1,2,1,1,1,1,1,1,1,1,5,0,2,5,0,1,1,1,1,2,1,0,4,1,2,1
8,1,20,1,3,1,1,1,2,1,2,1,1,2,2,2,1,2,2,2,2,2,2,3,1,9,0,9,0,9,0,2,0,1,1,2,1,1,1,1,1,1,1,1,2,1,2,4,0,1,1,1,1,2,2,1,5,1,2,1
2,2,28,2,18,3,1,1,2,1,2,2,2,2,2,1,2,2,2,2,2,2,2,9,0,9,0,9,0,9,0,2,0,9,0,2,2,1,3,0,3,0,3,0,3,0,2,3,0,1,1,3,0,2,0,0,1,0,1,0
11,1,17,1,10,1,2,2,1,2,2,1,1,2,1,1,2,2,2,2,2,2,2,5,0,3,1,9,0,9,0,2,0,1,1,2,2,1,2,1,3,0,3,0,3,0,2,3,0,2,1,3,0,2,2,1,2,0,1,0
11,1,18,1,7,1,1,2,1,2,2,1,2,2,2,2,2,2,2,1,2,2,2,4,0,3,1,9,0,9,0,2,0,1,1,2,1,1,2,1,1,1,1,1,5,0,2,5,0,1,1,1,1,2,2,1,4,1,2,1
10,1,18,1,7,1,2,2,1,2,2,2,1,2,2,1,2,1,2,1,2,2,2,9,0,9,0,9,0,9,0,2,0,9,0,2,2,1,5,0,1,1,3,0,1,1,2,1,1,2,1,5,0,2,0,0,3,0,2,1
10,1,18,1,10,1,2,2,1,2,2,1,1,1,1,2,2,1,2,2,2,2,2,2,0,3,1,4,0,9,0,2,0,9,0,2,1,1,1,1,1,1,1,1,1,1,2,5,0,2,1,4,0,2,1,0,5,1,1,0
9,1,18,1,13,3,2,2,1,2,2,2,2,2,1,2,2,2,2,1,2,2,2,3,1,3,1,9,0,9,0,1,1,1,1,2,1,1,1,1,1,1,3,0,1,1,2,1,1,3,0,3,0,2,4,1,4,1,1,0
15,1,19,1,11,2,2,2,1,2,2,1,1,2,2,2,2,2,2,2,2,2,2,9,0,9,0,9,0,9,0,1,1,1,1,2,2,1,2,1,2,1,2,1,4,0,2,2,1,2,1,4,0,2,2,1,4,1,2,1
3,1,19,1,12,2,2,2,1,2,2,1,1,1,1,2,2,2,2,1,2,1,2,9,0,4,0,4,0,9,0,2,0,1,1,2,2,1,1,1,3,0,4,0,3,0,2,1,1,4,0,5,0,2,1,0,2,0,1,0
4,1,19,1,14,3,2,2,1,2,2,1,2,2,2,1,2,2,2,1,2,2,2,9,0,9,0,9,0,9,0,1,1,1,1,2,2,1,2,1,3,0,3,0,2,1,2,4,0,2,1,3,0,2,2,1,3,0,1,0
9,1,20,1,14,3,1,2,1,2,2,2,1,2,2,2,2,2,2,1,2,2,2,4,0,2,0,2,0,1,0,2,0,1,1,2,1,1,3,0,4,0,2,1,5,0,2,1,1,2,1,4,0,2,1,0,2,0,2,1
12,2,25,2,18,3,1,2,1,2,2,1,1,1,2,2,2,2,2,2,2,2,2,9,0,9,0,9,0,1,0,1,1,1,1,2,1,1,1,1,1,1,1,1,5,0,2,5,0,1,1,1,1,2,2,1,4,1,2,1
2,2,30,2,11,2,2,2,1,2,2,1,2,2,1,2,2,2,2,1,2,2,2,3,1,9,0,9,0,9,0,1,1,1,1,2,1,1,2,1,2,1,2,1,3,0,2,3,0,3,0,3,0,2,3,1,4,1,0,0
16,1,16,1,10,1,2,2,2,4,2,1,1,1,2,1,2,2,2,1,2,2,2,9,0,9,0,9,0,9,0,1,1,1,1,2,1,1,1,1,3,0,3,0,3,0,2,5,0,1,1,4,0,2,2,1,2,0,1,0
11,1,16,1,10,1,1,2,2,4,2,2,2,2,2,2,2,2,1,2,2,2,2,3,1,3,1,3,1,9,0,2,0,1,1,2,1,1,2,1,3,0,3,0,2,1,2,4,0,1,1,1,1,2,4,1,3,0,2,1
16,1,16,1,12,2,2,2,2,4,2,2,2,2,2,2,2,2,2,1,2,2,2,9,0,9,0,9,0,9,0,2,0,9,0,2,1,1,3,0,4,0,3,0,4,0,2,1,1,1,1,3,0,2,0,0,1,0,2,1
11,1,17,1,11,2,1,2,2,4,2,1,1,1,2,1,2,2,2,2,2,2,2,3,1,3,1,3,1,1,0,2,0,1,1,2,1,1,1,1,1,1,1,1,4,0,2,5,0,1,1,1,1,2,4,1,4,1,2,1
3,1,18,1,2,1,1,2,2,4,2,2,2,2,1,2,2,2,2,1,2,2,2,9,0,9,0,9,0,9,0,2,0,1,1,2,1,1,2,1,2,1,4,0,4,0,2,4,0,2,1,4,0,2,1,0,3,0,1,0
2,1,18,1,4,1,2,2,2,4,2,1,1,1,1,1,1,1,1,2,2,2,2,3,1,3,1,1,0,2,1,2,0,1,1,2,1,1,5,0,1,1,2,1,5,0,2,2,1,1,1,1,1,2,4,1,3,0,3,1
8,1,18,1,5,1,2,2,2,4,2,1,1,1,2,2,2,2,2,1,2,2,2,3,1,9,0,9,0,9,0,1,1,2,0,2,1,1,1,1,1,1,1,1,5,0,2,5,0,1,1,3,0,2,2,1,4,1,1,0
8,1,18,1,5,1,2,2,2,4,2,2,1,2,2,2,2,2,2,1,2,2,2,6,0,3,1,3,1,2,1,2,0,1,1,2,1,1,1,1,1,1,3,0,3,0,2,1,1,1,1,1,1,2,4,1,3,0,3,1
7,1,18,1,6,1,1,2,2,4,2,1,1,1,2,2,2,2,2,2,2,2,2,9,0,9,0,9,0,9,0,2,0,1,1,2,2,1,2,1,3,0,3,0,3,0,2,5,0,1,1,3,0,2,1,0,2,0,1,0
11,1,18,1,6,1,2,2,2,4,2,2,2,2,2,1,2,2,2,2,2,2,2,3,1,3,1,3,1,1,0,2,0,1,1,2,1,1,3,0,1,1,3,0,4,0,2,5,0,2,1,5,0,2,4,1,2,0,1,0
8,1,18,1,6,1,2,2,2,4,2,1,1,1,1,1,2,2,2,2,2,2,2,9,0,9,0,9,0,9,0,2,0,1,1,2,2,1,1,1,2,1,1,1,5,0,2,2,1,1,1,1,1,2,1,0,4,1,3,1
7,1,18,1,7,1,2,2,2,4,2,2,1,2,2,2,2,2,2,2,2,2,2,9,0,9,0,9,0,9,0,2,0,9,0,2,2,1,1,1,2,1,2,1,5,0,2,4,0,4,0,3,0,2,0,0,4,1,0,0
3,1,18,1,7,1,2,2,2,4,2,2,2,2,2,2,1,2,2,1,2,2,2,9,0,3,1,9,0,2,1,1,1,2,0,2,2,1,1,1,1,1,3,0,4,0,2,4,0,2,1,4,0,2,3,1,3,0,1,0
4,1,18,1,7,1,2,2,2,4,2,2,1,2,2,2,2,2,2,2,2,2,2,9,0,9,0,9,0,9,0,2,0,9,0,2,2,1,2,1,2,1,2,1,3,0,2,2,1,4,0,4,0,2,0,0,4,1,1,0
15,1,18,1,8,1,2,2,2,4,2,1,1,2,2,1,2,2,2,1,2,2,2,9,0,9,0,9,0,9,0,2,0,1,1,2,2,1,2,1,2,1,3,0,3,0,2,4,0,2,1,3,0,2,1,0,3,0,1,0
4,1,18,1,8,1,2,2,2,4,2,1,2,2,2,2,2,2,2,2,2,2,2,3,1,3,1,9,0,9,0,2,0,9,0,2,1,1,1,1,2,1,1,1,2,1,2,5,0,2,1,3,0,2,2,1,5,1,1,0
16,1,18,1,8,1,1,2,2,4,2,2,2,1,2,2,2,2,2,2,2,2,2,3,1,3,1,4,0,2,1,2,0,9,0,2,1,1,3,0,1,1,3,0,1,1,2,1,1,4,0,4,0,2,3,1,3,0,1,0
16,1,18,1,8,1,2,2,2,4,2,2,1,2,2,2,2,2,2,2,2,2,2,9,0,3,1,9,0,9,0,2,0,1,1,2,1,1,1,1,1,1,3,0,3,0,2,1,1,4,0,4,0,2,2,1,3,0,1,0
11,1,18,1,8,1,2,2,2,4,2,1,1,2,2,2,2,2,2,1,2,2,2,2,0,3,1,1,0,1,0,2,0,1,1,2,1,1,1,1,1,1,1,1,5,0,2,5,0,1,1,1,1,2,2,1,4,1,2,1
3,1,18,1,8,1,2,2,2,4,2,2,2,2,1,2,2,2,2,1,2,2,2,9,0,3,1,9,0,9,0,1,1,1,1,2,1,1,1,1,1,1,1,1,3,0,2,4,0,2,1,2,1,2,3,1,4,1,2,1
9,1,18,1,9,1,2,2,2,4,2,2,1,2,2,2,2,2,2,2,2,2,2,9,0,9,0,9,0,9,0,2,0,1,1,2,3,2,2,1,2,1,3,0,3,0,2,3,0,2,1,3,0,2,1,0,4,1,1,0
10,1,18,1,9,1,1,2,2,4,2,1,2,2,2,2,2,2,2,2,2,2,2,6,0,3,1,4,0,1,0,2,0,1,1,2,1,1,1,1,3,0,3,0,4,0,2,1,1,2,1,4,0,2,2,1,2,0,2,1
3,1,18,1,9,1,1,2,2,4,2,2,2,2,1,2,2,2,2,1,2,2,2,9,0,3,1,9,0,9,0,2,0,1,1,2,1,1,1,1,2,1,2,1,3,0,2,1,1,2,1,5,0,2,2,1,4,1,2,1
8,1,18,1,10,1,1,2,2,4,2,1,1,1,1,2,2,2,2,2,2,2,2,9,0,9,0,9,0,9,0,2,0,1,1,2,2,1,2,1,2,1,2,1,4,0,2,4,0,2,1,3,0,2,1,0,4,1,1,0
16,1,18,1,10,1,2,2,2,4,2,1,1,1,1,1,2,2,2,2,2,2,2,9,0,9,0,9,0,9,0,2,0,1,1,2,1,1,3,0,1,1,3,0,3,0,2,2,1,3,0,5,0,2,1,0,2,0,1,0
8,1,18,1,10,1,1,2,2,4,2,1,1,1,2,2,2,2,2,1,2,2,2,3,1,9,0,9,0,9,0,1,1,1,1,2,1,1,1,1,1,1,1,1,5,0,2,5,0,1,1,2,1,2,3,1,4,1,2,1
3,1,18,1,11,2,1,2,2,4,2,2,2,2,1,1,2,2,2,1,2,2,2,4,0,3,1,9,0,1,0,2,0,1,1,2,1,1,1,1,1,1,3,0,4,0,2,4,0,1,1,1,1,2,2,1,3,0,2,1
8,1,18,1,11,2,2,2,2,4,2,2,1,2,2,1,2,2,2,2,2,2,2,3,1,9,0,9,0,9,0,2,0,1,1,2,1,1,1,1,1,1,1,1,5,0,2,5,0,1,1,1,1,2,2,1,4,1,2,1
8,1,18,1,11,2,1,2,2,4,2,1,1,2,2,2,2,2,2,2,2,2,2,3,1,3,1,9,0,9,0,1,1,1,1,2,1,1,1,1,1,1,1,1,4,0,2,5,0,2,1,2,1,2,4,1,4,1,2,1
10,1,18,1,11,2,2,2,2,4,2,1,2,2,2,2,2,2,2,2,2,2,2,9,0,9,0,9,0,9,0,2,0,9,0,2,1,1,5,0,2,1,3,0,5,0,2,1,1,5,0,2,1,2,0,0,2,0,2,1
10,1,18,1,11,2,2,2,2,4,2,2,2,1,2,2,2,2,2,2,2,2,2,9,0,9,0,9,0,9,0,2,0,9,0,2,2,1,2,1,2,1,4,0,5,0,2,1,1,2,1,2,1,2,0,0,3,0,3,1
10,1,18,1,11,2,2,2,2,4,2,2,2,1,2,2,2,2,2,2,2,2,2,9,0,9,0,9,0,9,0,2,0,9,0,2,2,1,2,1,2,1,2,1,5,0,2,2,1,2,1,2,1,2,0,0,4,1,3,1
8,1,18,1,11,2,2,2,2,4,2,2,2,2,2,2,2,1,2,2,2,2,2,9,0,9,0,9,0,9,0,2,0,9,0,2,2,1,2,1,2,1,2,1,1,1,2,2,1,2,1,2,1,2,0,0,5,1,3,1
16,1,18,1,12,2,2,2,2,4,2,1,1,1,1,2,2,1,2,2,2,2,2,6,0,3,1,4,0,9,0,2,0,9,0,2,1,1,3,0,5,0,3,0,4,0,2,4,0,5,0,5,0,2,1,0,1,0,0,0
5,1,18,1,12,2,2,2,2,4,2,2,1,2,2,2,2,2,2,2,2,2,2,9,0,9,0,9,0,9,0,2,0,9,0,2,3,2,3,0,3,0,3,0,3,0,2,3,0,1,1,3,0,2,0,0,2,0,1,0
5,1,18,1,12,2,2,2,2,4,2,1,1,2,2,2,2,2,2,2,2,2,2,9,0,3,1,9,0,9,0,2,0,9,0,2,1,1,1,1,1,1,1,1,3,0,2,3,0,1,1,4,0,2,1,0,4,1,1,0
9,1,18,1,12,2,2,2,2,4,2,2,1,2,2,2,2,2,2,2,2,2,2,9,0,9,0,9,0,9,0,2,0,9,0,2,2,1,2,1,2,1,2,1,3,0,2,2,1,3,0,4,0,2,0,0,4,1,1,0
9,1,18,1,12,2,2,2,2,4,2,2,1,2,2,2,2,2,2,2,2,2,2,9,0,9,0,9,0,9,0,2,0,9,0,2,2,1,2,1,2,1,3,0,5,0,2,2,1,3,0,5,0,2,0,0,3,0,1,0
9,1,18,1,12,2,2,2,2,4,2,2,1,2,2,2,2,2,2,2,2,2,2,9,0,9,0,9,0,9,0,2,0,9,0,2,2,1,2,1,1,1,4,0,1,1,2,4,0,2,1,1,1,2,0,0,4,1,2,1
11,1,18,1,12,2,1,2,2,4,2,2,2,2,2,1,2,2,2,1,2,1,2,3,1,2,0,3,1,9,0,1,1,1,1,2,1,1,2,1,2,1,2,1,5,0,2,4,0,2,1,2,1,2,4,1,4,1,2,1
8,1,18,1,12,2,2,2,2,4,2,2,1,2,2,2,2,2,2,2,2,2,2,9,0,9,0,9,0,9,0,2,0,9,0,2,2,1,2,1,2,1,3,0,1,1,2,1,1,2,1,3,0,2,0,0,4,1,2,1
3,1,18,1,12,2,2,2,2,4,2,1,1,2,1,2,2,2,2,2,2,2,2,9,0,3,1,9,0,9,0,2,0,9,0,2,1,1,3,0,1,1,3,0,3,0,2,1,1,1,1,4,0,2,1,0,2,0,2,1
10,1,18,1,12,2,2,2,2,4,2,2,1,2,2,2,2,2,2,2,2,2,2,9,0,9,0,9,0,9,0,2,0,9,0,2,1,1,1,1,1,1,4,0,5,0,2,1,1,2,1,2,1,2,0,0,3,0,3,1
10,1,18,1,12,2,2,2,2,4,2,2,2,1,2,2,2,2,2,2,2,2,2,9,0,9,0,9,0,9,0,2,0,9,0,2,2,1,1,1,1,1,4,0,5,0,2,1,1,2,1,2,1,2,0,0,3,0,3,1
9,1,18,1,12,2,2,2,2,4,2,2,2,2,2,2,2,1,2,2,2,2,2,9,0,9,0,9,0,9,0,2,0,9,0,2,1,1,2,1,2,1,3,0,2,1,2,1,1,2,1,2,1,2,0,0,4,1,3,1
10,1,18,1,12,2,2,2,2,4,2,1,2,2,2,2,2,2,2,2,2,2,2,9,0,9,0,9,0,9,0,2,0,9,0,2,2,1,2,1,2,1,2,1,5,0,2,2,1,2,1,2,1,2,0,0,4,1,3,1
10,1,18,1,12,2,2,2,2,4,2,2,1,2,2,2,2,2,2,2,2,2,2,9,0,9,0,9,0,9,0,2,0,9,0,2,2,1,2,1,2,1,2,1,5,0,2,2,1,2,1,2,1,2,0,0,4,1,3,1
10,1,18,1,13,3,2,2,2,4,2,1,1,2,1,2,1,2,2,2,2,2,2,9,0,9,0,9,0,9,0,2,0,1,1,2,1,1,1,1,3,0,3,0,3,0,2,4,0,2,1,3,0,2,1,0,2,0,1,0
9,1,18,1,13,3,2,2,2,4,2,1,2,2,2,2,2,2,2,2,2,2,2,9,0,9,0,9,0,9,0,2,0,9,0,2,2,1,2,1,2,1,3,0,3,0,2,1,1,3,0,4,0,2,0,0,3,0,1,0
9,1,18,1,13,3,2,2,2,4,2,1,2,2,2,2,2,2,2,2,2,2,2,9,0,9,0,9,0,9,0,2,0,9,0,2,2,1,2,1,2,1,3,0,3,0,2,1,1,2,1,3,0,2,0,0,3,0,2,1
9,1,18,1,13,3,2,2,2,4,2,2,2,2,2,2,2,1,2,2,2,2,2,9,0,9,0,9,0,9,0,2,0,9,0,2,2,1,1,1,2,1,3,0,2,1,2,1,1,2,1,3,0,2,0,0,4,1,2,1
9,1,18,1,13,3,2,2,2,4,2,2,1,2,2,2,2,2,2,2,2,2,2,9,0,9,0,9,0,9,0,2,0,9,0,2,2,1,2,1,2,1,3,0,5,0,2,2,1,2,1,3,0,2,0,0,3,0,2,1
3,1,18,1,14,3,2,2,2,4,2,1,1,2,1,2,2,2,2,2,2,2,2,9,0,9,0,9,0,9,0,2,0,9,0,2,3,2,3,0,3,0,1,1,3,0,2,4,0,4,0,4,0,2,0,0,3,0,0,0
8,1,18,1,14,3,1,2,2,4,2,1,1,2,2,1,2,2,2,2,2,2,2,4,0,9,0,9,0,9,0,2,0,1,1,2,1,1,1,1,1,1,2,1,2,1,2,5,0,1,1,1,1,2,1,0,5,1,2,1
2,1,19,1,4,1,2,2,2,4,2,2,2,2,2,1,2,2,2,2,2,2,2,9,0,9,0,9,0,9,0,2,0,1,1,2,1,1,1,1,2,1,1,1,5,0,2,4,0,2,1,1,1,2,1,0,4,1,2,1
2,1,19,1,5,1,2,2,2,4,2,2,2,2,2,1,2,2,2,2,2,2,2,9,0,9,0,9,0,9,0,2,0,1,1,2,1,1,1,1,1,1,1,1,4,0,2,4,0,1,1,1,1,2,1,0,4,1,2,1
4,1,19,1,7,1,1,2,2,4,2,2,2,1,1,2,2,2,2,2,2,2,2,3,1,3,1,1,0,9,0,2,0,1,1,2,2,1,2,1,1,1,1,1,3,0,2,4,0,1,1,1,1,2,3,1,4,1,2,1
9,1,19,1,7,1,2,2,2,4,2,1,2,2,2,2,2,2,2,2,2,2,2,9,0,9,0,9,0,9,0,1,1,1,1,2,3,2,1,1,3,0,1,1,5,0,2,1,1,1,1,4,0,2,2,1,4,1,2,1
9,1,19,1,7,1,2,2,2,4,2,2,2,2,2,1,2,2,2,2,2,2,2,9,0,9,0,9,0,9,0,2,0,9,0,2,2,1,2,1,2,1,3,0,2,1,2,2,1,2,1,2,1,2,0,0,4,1,3,1
4,1,19,1,8,1,2,2,2,4,2,2,1,2,2,2,2,2,2,2,2,2,2,9,0,9,0,9,0,9,0,2,0,9,0,2,2,1,2,1,2,1,2,1,3,0,2,2,1,4,0,4,0,2,0,0,4,1,1,0
9,1,19,1,10,1,2,2,2,4,2,2,2,2,1,2,2,2,2,2,2,2,2,9,0,9,0,9,0,9,0,2,0,1,1,2,1,1,1,1,1,1,1,1,4,0,2,4,0,1,1,3,0,2,1,0,4,1,1,0
11,1,19,1,10,1,1,2,2,4,2,2,2,1,2,2,1,2,2,2,2,2,2,9,0,3,1,9,0,9,0,2,0,9,0,2,1,1,3,0,3,0,2,1,5,0,2,4,0,1,1,1,1,2,1,0,2,0,2,1
8,1,19,1,10,1,2,2,2,4,2,2,1,2,2,2,2,2,2,2,2,2,2,3,1,9,0,9,0,9,0,2,0,9,0,2,1,1,1,1,1,1,1,1,3,0,2,5,0,1,1,1,1,2,1,0,4,1,2,1
16,1,19,1,10,1,2,2,2,4,2,2,1,1,2,2,2,2,2,2,2,2,2,3,1,3,1,3,1,2,1,2,0,1,1,2,1,1,5,0,3,0,2,1,4,0,2,1,1,2,1,5,0,2,5,1,2,0,2,1
8,1,19,1,11,2,2,2,2,4,2,2,2,2,2,1,2,2,2,2,2,2,2,3,1,3,1,9,0,9,0,1,1,1,1,2,1,1,1,1,1,1,1,1,5,0,2,5,0,1,1,1,1,2,4,1,4,1,2,1
8,1,19,1,12,2,2,2,2,4,2,1,2,2,2,2,2,2,2,2,2,2,2,9,0,9,0,9,0,9,0,2,0,9,0,2,2,1,2,1,2,1,3,0,2,1,2,3,0,3,0,3,0,2,0,0,4,1,0,0
16,1,19,1,12,2,2,2,2,4,2,2,1,2,2,2,2,2,2,2,2,2,2,3,1,3,1,2,0,1,0,1,1,1,1,2,5,2,5,0,3,0,3,0,1,1,2,5,0,5,0,5,0,2,4,1,3,0,0,0
10,1,19,1,12,2,2,2,2,4,2,2,1,2,2,2,2,2,2,2,2,2,2,9,0,9,0,9,0,9,0,2,0,9,0,2,1,1,5,0,1,1,4,0,5,0,2,1,1,4,0,5,0,2,0,0,2,0,1,0
8,1,19,1,12,2,2,2,2,4,2,1,1,2,2,1,2,2,2,1,2,2,2,3,1,9,0,9,0,9,0,2,0,1,1,2,1,1,1,1,1,1,1,1,5,0,2,5,0,1,1,1,1,2,2,1,4,1,2,1
8,1,19,1,12,2,2,2,2,4,2,1,2,2,2,2,2,2,2,2,2,2,2,9,0,9,0,9,0,9,0,2,0,9,0,2,1,1,2,1,2,1,4,0,1,1,2,1,1,3,0,2,1,2,0,0,4,1,2,1
9,1,19,1,12,2,2,2,2,4,2,2,2,2,2,2,2,2,1,2,2,2,2,9,0,9,0,9,0,9,0,2,0,9,0,2,2,1,2,1,2,1,3,0,3,0,2,2,1,1,1,3,0,2,0,0,3,0,2,1
8,1,19,1,12,2,2,2,2,4,2,2,1,2,2,2,2,2,2,2,2,2,2,9,0,9,0,9,0,9,0,2,0,9,0,2,2,1,2,1,2,1,3,0,1,1,2,1,1,2,1,2,1,2,0,0,4,1,3,1
8,1,19,1,12,2,2,2,2,4,2,2,1,2,2,2,2,2,2,2,2,2,2,9,0,9,0,9,0,9,0,2,0,9,0,2,2,1,2,1,2,1,3,0,2,1,2,1,1,2,1,2,1,2,0,0,4,1,3,1
10,1,19,1,12,2,2,2,2,4,2,1,2,2,2,2,2,2,2,2,2,2,2,9,0,9,0,9,0,9,0,2,0,9,0,2,2,1,2,1,2,1,4,0,5,0,2,2,1,2,1,2,1,2,0,0,3,0,3,1
8,1,19,1,12,2,2,2,2,4,2,2,1,2,2,2,2,2,2,2,2,2,2,9,0,9,0,9,0,9,0,2,0,9,0,2,2,1,2,1,2,1,3,0,2,1,2,2,1,2,1,2,1,2,0,0,4,1,3,1
8,1,19,1,12,2,2,2,2,4,2,2,1,2,2,2,2,2,2,2,2,2,2,9,0,9,0,9,0,9,0,2,0,9,0,2,2,1,2,1,2,1,4,0,2,1,2,2,1,2,1,2,1,2,0,0,4,1,3,1
10,1,19,1,12,2,2,2,2,4,2,2,2,1,2,2,2,2,2,2,2,2,2,9,0,9,0,9,0,9,0,2,0,9,0,2,2,1,2,1,2,1,2,1,3,0,2,2,1,2,1,2,1,2,0,0,4,1,3,1
10,1,19,1,12,2,2,2,2,4,2,1,2,2,2,2,2,2,2,2,2,2,2,9,0,9,0,9,0,9,0,2,0,9,0,2,2,1,2,1,2,1,2,1,4,0,2,2,1,2,1,2,1,2,0,0,4,1,3,1
9,1,19,1,13,3,2,2,2,4,2,1,2,2,2,2,2,2,2,2,2,2,2,9,0,9,0,9,0,9,0,2,0,1,1,2,1,1,2,1,2,1,4,0,4,0,2,4,0,2,1,3,0,2,1,0,3,0,1,0
9,1,19,1,13,3,2,2,2,4,2,2,1,2,2,2,2,2,2,2,2,2,2,9,0,9,0,9,0,9,0,2,0,9,0,2,2,1,2,1,4,0,2,1,1,1,2,1,1,2,1,3,0,2,0,0,4,1,2,1
9,1,19,1,13,3,2,2,2,4,2,2,2,2,2,2,2,1,2,2,2,2,2,9,0,9,0,9,0,9,0,2,0,9,0,2,2,1,2,1,2,1,3,0,3,0,2,2,1,2,1,3,0,2,0,0,3,0,2,1
9,1,19,1,14,3,2,2,2,4,2,1,2,2,2,2,2,2,2,2,2,2,2,9,0,9,0,9,0,9,0,2,0,9,0,2,2,1,2,1,2,1,3,0,3,0,2,3,0,3,0,3,0,2,0,0,3,0,0,0
9,1,19,1,14,3,2,2,2,4,2,1,2,2,2,2,2,2,2,2,2,2,2,9,0,9,0,9,0,9,0,2,0,9,0,2,2,1,1,1,2,1,3,0,3,0,2,1,1,2,1,3,0,2,0,0,3,0,2,1
9,1,19,1,14,3,2,2,2,4,2,2,1,2,2,2,2,2,2,2,2,2,2,9,0,9,0,9,0,9,0,2,0,9,0,2,2,1,1,1,2,1,3,0,3,0,2,1,1,2,1,3,0,2,0,0,3,0,2,1
9,1,19,1,14,3,2,2,2,4,2,2,1,2,2,2,2,2,2,2,2,2,2,9,0,9,0,9,0,9,0,2,0,9,0,2,2,1,2,1,2,1,3,0,4,0,2,2,1,2,1,3,0,2,0,0,3,0,2,1
11,1,19,1,15,3,1,2,2,4,2,1,1,1,1,2,2,2,2,2,2,2,2,9,0,9,0,9,0,9,0,2,0,9,0,2,3,2,3,0,3,0,3,0,3,0,2,3,0,3,0,3,0,2,0,0,2,0,0,0
15,1,20,1,7,1,2,2,2,4,2,1,1,2,1,2,2,2,1,1,2,2,2,9,0,9,0,9,0,9,0,2,0,1,1,2,2,1,3,0,2,1,3,0,3,0,2,3,0,3,0,3,0,2,1,0,2,0,0,0
8,1,20,1,8,1,2,2,2,4,2,2,2,2,2,1,2,2,2,2,2,2,2,3,1,3,1,9,0,9,0,2,0,1,1,2,1,1,1,1,1,1,1,1,4,0,2,5,0,1,1,5,0,2,3,1,4,1,1,0
4,1,20,1,11,2,2,2,2,4,2,1,2,2,2,2,2,2,2,2,2,2,2,3,1,3,1,9,0,9,0,2,0,9,0,2,2,1,2,1,2,1,2,1,2,1,2,5,0,2,1,3,0,2,2,1,5,1,1,0
12,2,20,1,12,2,1,2,2,4,2,2,2,2,2,2,2,2,2,1,2,2,2,9,0,3,1,9,0,9,0,2,0,1,1,2,1,1,1,1,1,1,1,1,5,0,2,5,0,5,0,1,1,2,2,1,4,1,1,0
11,1,20,1,12,2,2,2,2,4,2,1,2,2,2,2,2,2,2,2,2,2,2,4,0,3,1,9,0,9,0,2,0,9,0,2,2,1,2,1,1,1,1,1,2,1,2,4,0,2,1,4,0,2,1,0,5,1,1,0
16,1,20,1,12,2,2,2,2,4,2,1,2,1,2,1,2,2,2,1,2,2,2,3,1,3,1,3,1,1,0,2,0,1,1,2,1,1,3,0,1,1,1,1,1,1,2,5,0,1,1,5,0,2,4,1,4,1,1,0
8,1,20,1,12,2,1,2,2,4,2,1,1,2,2,2,2,2,2,2,2,2,2,3,1,3,1,3,1,1,0,2,0,1,1,2,1,1,2,1,1,1,1,1,5,0,2,5,0,1,1,1,1,2,4,1,4,1,2,1
11,1,20,1,12,2,2,2,2,4,2,1,2,2,2,2,2,2,2,2,2,2,2,9,0,3,1,3,1,2,1,2,0,1,1,2,1,1,1,1,2,1,2,1,5,0,2,5,0,2,1,2,1,2,4,1,4,1,2,1
8,1,20,1,12,2,2,2,2,4,2,2,2,2,2,2,2,1,2,2,2,2,2,9,0,9,0,9,0,9,0,2,0,9,0,2,2,1,2,1,2,1,3,0,1,1,2,1,1,2,1,3,0,2,0,0,4,1,2,1
9,1,20,1,12,2,2,2,2,4,2,2,1,2,2,2,2,2,2,2,2,2,2,9,0,9,0,9,0,9,0,2,0,1,1,2,1,1,2,1,2,1,4,0,2,1,2,1,1,2,1,2,1,2,1,0,4,1,3,1
10,1,20,1,12,2,2,2,2,4,2,1,2,2,2,2,2,2,2,2,2,2,2,9,0,9,0,9,0,9,0,2,0,9,0,2,2,1,2,1,2,1,2,1,4,0,2,2,1,2,1,2,1,2,0,0,4,1,3,1
8,1,20,1,13,3,2,2,2,4,2,2,2,2,2,2,2,2,2,2,2,2,2,9,0,9,0,9,0,9,0,2,0,9,0,2,2,1,2,1,2,1,3,0,4,0,2,1,1,2,1,4,0,2,0,0,3,0,2,1
8,1,20,1,13,3,2,2,2,4,2,2,1,2,2,2,2,2,2,2,2,2,2,9,0,9,0,9,0,9,0,2,0,9,0,2,1,1,2,1,2,1,3,0,1,1,2,1,1,2,1,2,1,2,0,0,4,1,3,1
8,1,20,1,13,3,2,2,2,4,2,2,2,2,2,2,2,1,2,2,2,2,2,9,0,9,0,9,0,9,0,2,0,9,0,2,2,1,2,1,2,1,3,0,2,1,2,1,1,2,1,2,1,2,0,0,4,1,3,1
10,1,20,1,13,3,2,2,2,4,2,2,1,2,2,2,2,2,2,2,2,2,2,9,0,9,0,9,0,9,0,2,0,9,0,2,2,1,2,1,2,1,2,1,1,1,2,2,1,2,1,2,1,2,0,0,5,1,3,1
9,1,20,1,14,3,2,2,2,4,2,2,2,2,2,2,2,1,2,2,2,2,2,9,0,9,0,9,0,9,0,2,0,9,0,2,2,1,2,1,2,1,3,0,3,0,2,2,1,3,0,4,0,2,0,0,3,0,1,0
8,1,20,1,14,3,1,2,2,4,2,1,1,2,1,1,1,2,2,1,2,2,2,3,1,3,1,2,0,1,0,2,0,1,1,2,1,1,1,1,1,1,1,1,5,0,2,5,0,1,1,1,1,2,3,1,4,1,2,1
9,1,20,1,14,3,2,2,2,4,2,2,1,2,2,2,2,2,2,2,2,2,2,9,0,9,0,9,0,9,0,2,0,9,0,2,2,1,2,1,2,1,3,0,5,0,2,1,1,2,1,3,0,2,0,0,3,0,2,1
9,1,20,1,14,3,2,2,2,4,2,2,2,2,2,2,2,1,2,2,2,2,2,9,0,9,0,9,0,9,0,2,0,9,0,2,2,1,2,1,2,1,3,0,4,0,2,2,1,2,1,3,0,2,0,0,3,0,2,1
9,1,20,1,14,3,2,2,2,4,2,1,2,2,2,2,2,2,2,2,2,2,2,9,0,9,0,9,0,9,0,2,0,9,0,2,2,1,1,1,2,1,3,0,3,0,2,2,1,2,1,2,1,2,0,0,3,0,3,1
7,1,20,1,15,3,1,2,2,4,2,1,1,2,2,2,2,2,2,2,2,2,2,9,0,9,0,9,0,9,0,2,0,1,1,2,3,2,1,1,4,0,1,1,3,0,2,5,0,1,1,4,0,2,1,0,4,1,1,0
9,1,20,1,15,3,2,2,2,4,2,2,1,2,2,2,2,2,2,2,2,2,2,9,0,9,0,9,0,9,0,2,0,9,0,2,1,1,2,1,2,1,3,0,3,0,2,1,1,2,1,3,0,2,0,0,3,0,2,1
9,2,20,1,19,3,2,2,2,4,2,1,2,2,2,2,2,2,2,2,2,2,2,9,0,9,0,9,0,9,0,2,0,1,1,2,1,1,1,1,1,1,5,0,3,0,2,5,0,1,1,5,0,2,1,0,3,0,1,0
16,1,21,1,12,2,2,2,2,4,2,2,2,2,2,2,2,2,1,2,2,2,2,9,0,9,0,9,0,9,0,1,1,1,1,2,2,1,3,0,2,1,2,1,3,0,2,4,0,2,1,4,0,2,2,1,3,0,1,0
5,1,21,1,12,2,2,2,2,4,2,1,2,1,2,2,2,2,2,2,2,2,2,9,0,9,0,9,0,9,0,2,0,1,1,2,3,2,1,1,1,1,1,1,2,1,2,1,1,4,0,5,0,2,1,0,6,1,1,0
9,1,21,1,13,3,2,2,2,4,2,1,2,2,2,2,2,2,2,2,2,2,2,9,0,9,0,9,0,9,0,2,0,1,1,2,1,1,1,1,1,1,1,1,5,0,2,4,0,2,1,3,0,2,1,0,4,1,1,0
2,1,21,1,13,3,1,2,2,4,2,2,2,2,2,2,2,2,1,1,2,2,2,3,1,9,0,9,0,2,1,1,1,1,1,2,2,1,1,1,1,1,1,1,4,0,2,1,1,2,1,5,0,2,4,1,4,1,2,1
5,1,21,1,15,3,2,2,2,4,2,1,1,1,2,2,2,2,2,2,2,2,2,9,0,9,0,9,0,9,0,2,0,2,0,2,1,1,1,1,1,1,1,1,2,1,2,1,1,1,1,4,0,2,0,0,5,1,2,1
15,1,22,1,8,1,2,2,2,4,2,1,1,2,1,1,1,2,1,2,2,1,2,9,0,9,0,9,0,9,0,2,0,9,0,2,1,1,3,0,2,1,3,0,2,1,2,3,0,3,0,3,0,2,0,0,3,0,0,0
11,1,22,1,13,3,2,2,2,4,2,2,2,2,2,2,2,2,2,2,2,2,2,9,0,9,0,9,0,9,0,2,0,1,1,2,1,1,2,1,2,1,3,0,3,0,2,4,0,2,1,3,0,2,1,0,3,0,1,0
9,1,22,1,14,3,2,2,2,4,2,2,1,2,2,2,2,2,2,2,2,2,2,9,0,9,0,9,0,9,0,2,0,9,0,2,2,1,2,1,2,1,4,0,1,1,2,1,1,2,1,2,1,2,0,0,4,1,3,1
11,1,22,1,15,3,2,2,2,4,2,1,1,1,2,1,2,2,2,2,2,2,2,9,0,9,0,9,0,9,0,2,0,1,1,2,1,1,1,1,1,1,1,1,4,0,2,4,0,1,1,2,1,2,1,0,4,1,2,1
11,1,22,1,17,3,2,2,2,4,1,2,2,2,2,2,2,2,2,1,2,2,2,3,1,3,1,4,0,1,0,1,1,1,1,2,1,1,1,1,1,1,3,0,5,0,2,1,1,5,0,4,0,2,4,1,3,0,1,0
3,1,23,1,12,2,2,2,2,4,2,1,1,2,2,2,2,2,2,2,2,2,2,6,0,3,1,9,0,9,0,2,0,1,1,2,1,1,2,1,2,1,2,1,5,0,2,4,0,2,1,4,0,2,2,1,4,1,1,0
11,1,23,1,13,3,2,2,2,4,2,1,1,2,2,2,2,2,2,1,2,2,2,3,1,3,1,3,1,1,0,1,1,1,1,2,1,1,1,1,1,1,1,1,3,0,2,3,0,4,0,5,0,2,5,1,4,1,0,0
9,1,23,1,15,3,2,2,2,4,2,2,1,2,2,2,2,2,2,2,2,2,2,9,0,9,0,9,0,9,0,2,0,9,0,2,1,1,2,1,2,1,2,1,3,0,2,2,1,2,1,3,0,2,0,0,4,1,2,1
11,1,24,1,16,3,1,2,2,4,2,1,1,2,2,1,2,2,2,2,2,2,2,3,1,3,1,3,1,9,0,2,0,1,1,2,3,2,3,0,1,1,3,0,3,0,2,1,1,1,1,5,0,2,4,1,3,0,2,1
9,1,24,1,18,3,2,2,2,4,2,2,2,2,2,1,2,2,2,1,2,2,2,9,0,9,0,9,0,9,0,2,0,9,0,2,2,1,2,1,2,1,2,1,3,0,2,2,1,2,1,4,0,2,0,0,4,1,2,1
6,2,25,2,15,3,1,2,2,4,2,2,2,2,2,2,2,2,1,2,2,2,2,3,1,9,0,9,0,9,0,1,1,1,1,2,1,1,1,1,1,1,1,1,1,1,2,1,1,1,1,1,1,2,3,1,5,1,3,1
9,2,27,2,14,3,2,2,2,4,2,2,1,2,2,2,2,2,2,2,2,2,2,9,0,9,0,9,0,9,0,2,0,9,0,2,1,1,1,1,4,0,4,0,2,1,2,1,1,3,0,3,0,2,0,0,3,0,1,0
12,2,30,2,15,3,1,2,2,4,2,2,2,2,2,2,2,2,2,2,2,2,2,9,0,9,0,9,0,9,0,2,0,1,1,2,1,1,1,1,1,1,1,1,5,0,2,5,0,1,1,1,1,2,1,0,4,1,2,1
8,2,50,2,7,1,1,2,2,4,2,1,2,2,2,2,2,2,2,2,2,2,2,9,0,9,0,9,0,9,0,2,0,2,0,2,2,1,4,0,2,1,3,0,3,0,2,4,0,3,0,4,0,2,0,0,2,0,0,0
10,1,18,1,7,1,2,2,2,4,2,1,2,2,2,2,2,2,2,2,2,2,2,9,0,9,0,9,0,9,0,2,0,1,1,2,1,1,2,1,3,0,3,0,3,0,2,2,1,2,1,4,0,2,1,0,2,0,2,1
3,1,19,1,13,3,2,2,2,4,2,1,1,2,1,2,2,2,2,1,2,2,2,9,0,9,0,9,0,9,0,2,0,1,1,2,2,1,2,1,2,1,2,1,3,0,2,2,1,2,1,2,1,2,1,0,4,1,3,1
8,1,21,1,15,3,2,2,2,4,2,1,1,2,1,2,2,2,2,2,2,2,2,3,1,9,0,9,0,9,0,1,1,1,1,2,2,1,2,1,2,1,2,1,2,1,2,2,1,2,1,2,1,2,3,1,5,1,3,1
9,2,30,2,20,3,2,2,2,4,2,1,2,2,2,2,2,2,2,2,2,1,2,9,0,9,0,9,0,9,0,2,0,1,1,2,1,1,1,1,1,1,5,0,3,0,2,5,0,1,1,3,0,2,1,0,3,0,1,0
9,1,18,1,9,1,1,2,1,2,2,2,2,2,1,2,2,2,2,1,2,2,2,9,0,9,0,9,0,9,0,2,0,9,0,2,1,1,3,0,3,0,3,0,3,0,2,1,1,4,0,4,0,2,0,0,1,0,1,0
16,1,18,1,14,3,1,2,1,2,2,1,2,2,2,2,2,2,2,2,2,2,2,3,1,3,1,1,0,2,1,1,1,1,1,2,1,1,1,1,1,1,1,1,5,0,2,5,0,3,0,2,1,2,5,1,4,1,1,0
8,1,18,1,14,3,1,2,1,2,2,1,1,2,1,2,2,2,2,2,2,2,2,3,1,3,1,2,0,1,0,2,0,1,1,2,1,1,1,1,1,1,1,1,5,0,2,5,0,1,1,2,1,2,3,1,4,1,2,1
9,1,19,1,8,1,2,2,1,2,2,1,2,2,2,2,2,2,2,1,2,2,2,9,0,2,0,9,0,9,0,2,0,1,1,2,3,2,2,1,3,0,3,0,4,0,2,3,0,4,0,4,0,2,1,0,3,0,0,0
4,1,20,1,13,3,2,2,1,2,2,2,2,2,2,2,2,2,1,2,2,2,2,3,1,3,1,1,0,9,0,2,0,1,1,2,1,1,2,1,1,1,2,1,4,0,2,5,0,1,1,1,1,2,3,1,4,1,2,1
11,1,22,1,14,3,2,2,1,2,2,2,1,1,1,2,2,2,2,2,2,2,2,3,1,3,1,3,1,1,0,2,0,1,1,2,2,1,2,1,2,1,3,0,3,0,2,4,0,2,1,4,0,2,4,1,3,0,1,0
3,1,24,1,7,1,1,2,1,2,2,1,2,1,1,2,2,2,2,2,2,2,2,9,0,9,0,9,0,9,0,2,0,1,1,2,1,1,2,1,2,1,3,0,4,0,2,1,1,2,1,5,0,2,1,0,3,0,2,1
11,1,16,1,8,1,2,2,2,4,2,2,1,2,2,2,2,2,2,2,2,2,2,9,0,9,0,9,0,9,0,2,0,9,0,2,2,1,2,1,3,0,3,0,2,1,2,2,1,3,0,5,0,2,0,0,3,0,1,0
4,1,17,1,11,2,1,2,2,4,2,1,1,2,1,2,1,2,2,2,2,2,2,9,0,9,0,9,0,9,0,1,1,1,1,2,1,1,2,1,1,1,1,1,3,0,2,5,0,1,1,2,1,2,2,1,4,1,2,1
4,1,17,1,13,3,2,2,2,4,2,1,2,2,2,2,2,2,2,2,2,2,2,9,0,9,0,9,0,9,0,1,1,1,1,2,2,1,2,1,2,1,2,1,2,1,2,4,0,2,1,2,1,2,2,1,5,1,2,1
3,1,18,1,2,1,1,2,2,4,2,2,1,1,2,1,2,2,2,1,2,2,2,9,0,3,1,2,0,9,0,2,0,1,1,2,2,1,2,1,2,1,2,1,3,0,2,2,1,2,1,5,0,2,2,1,4,1,2,1
8,1,18,1,5,1,2,2,2,4,2,2,1,2,2,2,2,2,2,2,2,2,2,4,0,2,0,2,0,9,0,2,0,1,1,2,2,1,1,1,2,1,2,1,3,0,2,4,0,4,0,2,1,2,1,0,4,1,1,0
7,1,18,1,6,1,2,2,2,4,2,2,2,2,2,2,2,2,1,2,2,2,2,9,0,9,0,4,0,9,0,2,0,1,1,2,1,1,2,1,2,1,2,1,4,0,2,4,0,2,1,2,1,2,1,0,4,1,2,1
8,1,18,1,8,1,1,2,2,4,2,1,1,2,1,1,2,1,2,2,2,2,2,3,1,9,0,9,0,1,0,2,0,1,1,2,1,1,1,1,1,1,1,1,5,0,2,5,0,1,1,5,0,2,2,1,4,1,1,0
8,1,18,1,9,1,2,2,2,4,2,2,2,2,1,2,1,2,2,1,2,2,2,9,0,9,0,9,0,9,0,2,0,9,0,2,1,1,3,0,2,1,3,0,1,1,2,4,0,3,0,5,0,2,0,0,3,0,0,0
11,1,18,1,9,1,2,2,2,4,2,2,2,1,2,1,2,2,2,1,2,2,2,3,1,3,1,3,1,1,0,2,0,2,0,2,3,2,2,1,3,0,3,0,3,0,2,3,0,3,0,2,1,2,3,1,3,0,1,0
11,1,18,1,10,1,2,2,2,4,2,2,2,2,2,1,2,2,2,2,2,2,2,9,0,3,1,9,0,9,0,2,0,1,1,2,1,1,1,1,1,1,1,1,3,0,2,4,0,1,1,4,0,2,2,1,4,1,1,0
8,1,18,1,10,1,1,2,2,4,2,1,1,1,1,2,2,1,2,2,2,2,2,3,1,9,0,9,0,9,0,1,1,1,1,2,1,1,1,1,1,1,1,1,5,0,2,5,0,1,1,5,0,2,3,1,4,1,1,0
9,1,18,1,10,1,2,2,2,4,2,2,2,2,1,2,2,2,2,2,2,2,2,9,0,9,0,9,0,9,0,2,0,1,1,2,1,1,1,1,1,1,3,0,3,0,2,2,1,3,0,5,0,2,1,0,3,0,1,0
8,1,18,1,12,2,2,2,2,4,2,1,2,2,2,1,1,2,2,2,2,2,2,4,0,3,1,9,0,9,0,1,1,9,0,2,1,1,1,1,1,1,4,0,4,0,2,4,0,1,1,1,1,2,2,1,3,0,2,1
12,2,19,1,10,1,1,2,2,4,2,2,2,2,1,2,2,2,2,1,2,2,2,9,0,9,0,9,0,9,0,2,0,1,1,2,1,1,2,1,2,1,1,1,3,0,2,5,0,4,0,4,0,2,1,0,4,1,0,0
15,1,19,1,11,2,1,2,2,4,2,1,1,2,1,2,1,2,2,2,2,2,2,9,0,3,1,9,0,9,0,2,0,1,1,2,2,1,2,1,2,1,2,1,3,0,2,2,1,4,0,4,0,2,2,1,4,1,1,0
9,1,19,1,14,3,2,2,2,4,2,2,1,2,2,2,2,2,2,2,2,2,2,3,1,3,1,3,1,9,0,2,0,1,1,2,2,1,1,1,1,1,1,1,3,0,2,3,0,1,1,2,1,2,4,1,4,1,2,1
5,1,19,1,14,3,2,2,2,4,2,1,1,1,1,2,1,2,2,2,2,2,2,9,0,9,0,9,0,9,0,2,0,9,0,2,5,2,1,1,1,1,1,1,5,0,2,1,1,2,1,5,0,2,0,0,5,1,2,1
8,1,21,1,10,1,2,2,2,4,2,1,2,2,2,2,2,2,2,2,2,2,2,3,1,3,1,2,0,2,1,2,0,9,0,2,1,1,3,0,1,1,1,1,5,0,2,5,0,1,1,1,1,2,3,1,3,0,2,1
9,1,22,1,14,3,2,2,2,4,2,2,1,2,2,2,2,2,2,2,2,2,2,3,1,3,1,3,1,1,0,2,0,1,1,2,2,1,1,1,1,1,1,1,3,0,2,3,0,1,1,1,1,2,4,1,4,1,2,1
11,1,23,1,11,2,2,2,2,4,1,2,2,2,2,2,2,2,2,2,2,2,2,3,1,9,0,9,0,9,0,2,0,1,1,2,1,1,1,1,3,0,3,0,3,0,2,5,0,5,0,3,0,2,2,1,2,0,0,0
11,1,16,1,8,1,2,2,2,4,2,2,2,2,2,2,2,2,2,2,2,2,2,9,0,9,0,9,0,9,0,2,0,9,0,2,1,1,1,1,1,1,3,0,1,1,2,1,1,5,0,5,0,2,0,0,4,1,1,0
11,1,16,1,10,1,2,2,2,4,2,1,1,1,2,2,2,2,2,2,2,2,2,6,0,3,1,4,0,1,0,2,0,1,1,2,1,1,2,1,2,1,2,1,4,0,2,4,0,2,1,3,0,2,2,1,4,1,1,0
2,1,18,1,7,1,2,2,2,4,2,1,2,2,2,2,2,2,2,2,2,2,2,9,0,9,0,9,0,9,0,2,0,9,0,2,3,2,4,0,4,0,4,0,4,0,2,4,0,3,0,4,0,2,0,0,2,0,0,0
11,1,18,1,8,1,2,2,2,4,2,1,2,1,1,2,1,2,2,2,2,2,2,9,0,3,1,3,1,9,0,2,0,1,1,2,3,2,3,0,3,0,3,0,3,0,2,3,0,3,0,3,0,2,3,1,2,0,0,0
11,1,18,1,8,1,2,2,2,4,2,2,2,2,1,2,2,2,2,2,2,2,2,9,0,9,0,9,0,9,0,2,0,9,0,2,2,1,4,0,3,0,3,0,1,1,2,4,0,2,1,5,0,2,0,0,2,0,1,0
9,1,18,1,9,1,2,2,2,4,2,2,1,2,2,2,2,2,2,2,2,2,2,3,1,3,1,3,1,1,0,2,0,9,0,2,2,1,2,1,2,1,2,1,4,0,2,4,0,2,1,2,1,2,3,1,4,1,2,1
8,1,18,1,10,1,1,2,2,4,2,1,1,1,1,1,1,1,2,2,2,2,2,9,0,9,0,9,0,9,0,2,0,9,0,2,3,2,3,0,3,0,3,0,3,0,2,3,0,3,0,3,0,2,0,0,2,0,0,0
3,1,18,1,10,1,2,2,2,4,2,1,2,2,2,2,2,2,2,2,2,2,2,6,0,3,1,9,0,9,0,2,0,9,0,2,1,1,1,1,1,1,1,1,4,0,2,5,0,5,0,1,1,2,1,0,4,1,1,0
15,1,18,1,11,2,2,2,2,4,2,2,1,2,1,2,2,2,2,2,2,2,2,9,0,9,0,9,0,9,0,2,0,2,0,2,1,1,1,1,1,1,1,1,4,0,2,4,0,2,1,4,0,2,0,0,4,1,1,0
11,1,18,1,12,2,2,2,2,4,2,1,1,1,1,1,2,2,2,2,2,2,2,9,0,9,0,9,0,9,0,2,0,1,1,2,1,1,3,0,3,0,3,0,3,0,2,5,0,1,1,3,0,2,1,0,1,0,1,0
9,1,18,1,12,2,2,2,2,4,2,1,1,1,1,1,2,2,2,2,2,2,2,9,0,3,1,9,0,9,0,2,0,2,0,2,2,1,2,1,2,1,2,1,3,0,2,4,0,2,1,2,1,2,1,0,4,1,2,1
8,1,18,1,13,3,1,2,2,4,2,2,2,2,2,1,2,2,2,2,2,2,2,3,1,9,0,2,0,9,0,1,1,9,0,2,1,1,2,1,1,1,4,0,3,0,2,1,1,2,1,1,1,2,2,1,3,0,3,1
11,1,19,1,6,1,2,2,2,4,2,1,1,2,1,2,1,2,2,2,2,2,2,9,0,9,0,9,0,9,0,2,0,9,0,2,1,1,1,1,1,1,3,0,3,0,2,5,0,5,0,3,0,2,0,0,3,0,0,0
8,1,19,1,9,1,2,2,2,4,2,2,2,2,2,2,1,2,2,2,2,2,2,4,0,3,1,3,1,2,1,2,0,9,0,2,1,1,3,0,1,1,1,1,1,1,2,1,1,1,1,3,0,2,3,1,4,1,2,1
3,1,19,1,9,1,2,2,2,4,2,2,1,2,1,2,2,2,2,2,2,2,2,9,0,4,0,9,0,9,0,2,0,9,0,2,1,1,1,1,1,1,1,1,5,0,2,1,1,1,1,1,1,2,0,0,4,1,3,1
11,1,19,1,10,1,2,2,2,4,2,2,2,2,2,1,2,2,2,2,2,2,2,2,0,3,1,3,1,2,1,2,0,9,0,2,1,1,2,1,1,1,3,0,1,1,2,1,1,1,1,1,1,2,3,1,4,1,3,1
8,1,20,1,8,1,2,2,2,4,2,2,2,2,1,2,2,2,2,1,2,2,2,4,0,9,0,3,1,9,0,1,1,9,0,2,1,1,2,1,2,1,2,1,3,0,2,4,0,2,1,2,1,2,2,1,4,1,2,1
16,1,20,1,15,3,2,2,2,4,2,1,1,2,2,2,1,2,2,2,2,2,2,9,0,9,0,9,0,9,0,2,0,1,1,2,1,1,1,1,1,1,3,0,3,0,2,5,0,1,1,1,1,2,1,0,3,0,2,1
15,1,21,1,12,2,1,2,2,4,2,1,2,2,2,2,2,2,2,2,2,2,2,6,0,3,1,4,0,2,1,1,1,1,1,2,1,1,1,1,1,1,1,1,4,0,2,1,1,1,1,2,1,2,4,1,4,1,3,1
11,1,21,1,15,3,1,2,2,4,2,2,2,2,2,1,2,2,2,2,2,2,2,3,1,3,1,2,0,1,0,1,1,1,1,2,1,1,1,1,1,1,1,1,5,0,2,4,0,2,1,2,1,2,4,1,4,1,2,1
12,2,22,1,12,2,2,2,2,4,2,2,2,2,2,2,2,2,2,2,2,2,2,9,0,9,0,9,0,9,0,2,0,1,1,2,1,1,1,1,1,1,1,1,5,0,2,5,0,1,1,1,1,2,1,0,4,1,2,1
3,1,23,1,8,1,2,2,2,4,2,2,1,2,1,2,1,2,2,2,2,2,2,9,0,9,0,9,0,9,0,2,0,9,0,2,3,2,2,1,1,1,3,0,3,0,2,4,0,1,1,4,0,2,0,0,4,1,1,0
11,1,23,1,13,3,2,2,2,4,2,2,2,2,2,2,1,2,2,2,2,2,2,6,0,4,0,9,0,2,1,2,0,1,1,2,1,1,1,1,1,1,1,1,5,0,2,2,1,2,1,4,0,2,2,1,4,1,2,1
11,1,26,2,14,3,2,2,2,4,2,1,1,2,2,2,1,2,2,1,2,2,2,9,0,4,0,3,1,1,0,2,0,1,1,2,1,1,2,1,2,1,2,1,1,1,2,1,1,5,0,5,0,2,2,1,5,1,1,0
15,1,27,2,15,3,2,2,2,4,2,2,2,2,1,2,2,2,2,2,2,2,2,9,0,9,0,9,0,9,0,2,0,1,1,2,2,1,2,1,2,1,3,0,5,0,2,3,0,2,1,2,1,2,1,0,3,0,2,1
6,2,34,2,16,3,2,2,2,4,2,1,2,1,2,2,2,2,2,2,2,2,2,9,0,9,0,9,0,9,0,2,0,1,1,2,4,2,2,1,2,1,2,1,4,0,2,4,0,2,1,5,0,2,1,0,5,1,1,0
